home_theater,hellboy,tie,demon,evil,Sum
1.6149396002292633,1.656369835138321,1.2230244278907776,1.1334572732448578,1.197031393647194,6.8248225301504135
1.5484063625335693,1.3673901706933975,1.161549523472786,1.0997625589370728,1.256807953119278,6.4339165687561035
1.6313477009534836,1.6349885761737823,1.763157218694687,1.6627379357814789,1.531909540295601,8.224140971899033
1.1964609622955322,1.3900915682315826,1.0844991281628609,1.3279489576816559,1.318812109529972,6.317812725901604
1.6780064702033997,2.0010973811149597,1.4861424416303635,1.5706984996795654,1.8890402019023895,8.624984994530678
2.0463896691799164,1.776513248682022,1.528371125459671,1.213677853345871,1.2934270203113556,7.858378916978836
1.368339717388153,0.9593411684036255,0.9924967586994171,0.8174472600221634,0.9868790805339813,5.12450398504734
1.7617319971323013,1.6104058921337128,1.269082471728325,1.2180759012699127,1.3942987322807312,7.253594994544983
1.8252117410302162,1.585767351090908,1.3943169489502907,1.3023971430957317,1.3893963098526,7.497089494019747
0.9427144229412079,0.991524338722229,0.8150256425142288,0.9097701907157898,0.80561563372612,4.4646502286195755
1.4460231065750122,1.4099556505680084,1.2847781777381897,1.279647707939148,1.2022085189819336,6.622613161802292
1.3145923614501953,1.3374026417732239,1.344773918390274,1.3413227498531342,1.3569381833076477,6.695029854774475
1.912032276391983,1.5448768436908722,1.3752186447381973,1.2431310713291168,1.3344498723745346,7.409708708524704
1.882867157459259,1.8210192024707794,1.7292671203613281,1.4424098432064056,1.4260937571525574,8.30165708065033
1.8970779925584793,1.751771867275238,1.2184761837124825,1.2816729545593262,1.2499840706586838,7.39898306876421
1.7370993793010712,1.7919982075691223,1.7321010529994965,1.4314955025911331,1.611160159111023,8.303854301571846
1.738399177789688,1.8493299931287766,1.2722916305065155,1.318855881690979,1.4376338422298431,7.616510525345802
1.4887399226427078,1.5849967002868652,1.2958754748106003,1.250202015042305,1.2467856705188751,6.8665997833013535
1.1766130328178406,1.4015859961509705,1.3620232343673706,1.2344228774309158,1.2645510733127594,6.439196214079857
1.1959589272737503,1.4550203680992126,1.2710625678300858,1.2458764761686325,1.2826822400093079,6.450600579380989
1.3760954588651657,1.7376523613929749,1.6561055481433868,1.3081658780574799,1.2861334681510925,7.3641527146101
1.4096416234970093,1.5636221170425415,1.25129234790802,1.0469946265220642,1.0689981132745743,6.340548828244209
1.7380340993404388,1.7710790932178497,1.6479653120040894,1.4287522435188293,1.4861594289541245,8.071990177035332
1.5398240089416504,1.5904532968997955,1.430141568183899,1.2278799414634705,1.3201922178268433,7.108491033315659
1.704546719789505,1.8367705345153809,1.448434978723526,1.5367240756750107,1.6181111931800842,8.144587501883507
1.5313242375850677,1.3958509862422943,1.1278619468212128,1.0329425930976868,1.1083705127239227,6.196350276470184
1.7571977227926254,1.6612175405025482,1.5015147775411606,1.3072777688503265,1.6198703795671463,7.847078189253807
1.7474339306354523,1.693444013595581,1.4072714447975159,0.9762446135282516,1.353906974196434,7.178300976753235
1.7148101478815079,1.5832878053188324,1.60227470099926,1.29224294424057,1.4335403144359589,7.626155912876129
1.6745694428682327,1.733303427696228,1.3075458481907845,1.3543885946273804,1.2821526527404785,7.351959966123104
1.4544548690319061,1.4489696025848389,1.0513040125370026,0.8232349902391434,1.030903622508049,5.80886709690094
1.784206047654152,1.9923948347568512,1.4526447653770447,1.1931703239679337,1.468804582953453,7.8912205547094345
1.3732978999614716,1.5042551457881927,0.9942034780979156,0.9547066241502762,1.1436849385499954,5.970148086547852
1.4988589584827423,1.324705719947815,1.2450368106365204,1.1413629800081253,1.3540833294391632,6.564047798514366
1.3059465885162354,1.4914372861385345,1.598277598619461,1.4041087925434113,1.3046768754720688,7.104447141289711
1.5914300084114075,1.6402353048324585,1.705365926027298,1.526946485042572,1.5826185196638107,8.046596243977547
1.6549016833305359,2.1255186796188354,1.352802723646164,1.701409786939621,1.7458644211292267,8.580497294664383
1.869058519601822,1.8166297376155853,1.7073135375976562,1.5356406271457672,1.4706185460090637,8.399260967969894
1.9394998252391815,1.8282645642757416,1.6876360476016998,1.607557773590088,1.7354827225208282,8.798440933227539
1.3221683204174042,1.6261526942253113,1.12457737326622,1.2487786710262299,1.2522612810134888,6.573938339948654
1.6232489496469498,1.6263444051146507,1.243737056851387,1.3448474407196045,1.5130102038383484,7.35118805617094
1.796420007944107,1.559204638004303,1.4047557711601257,1.429621860384941,1.5372803509235382,7.727282628417015
1.6486774682998657,1.5116777420043945,1.3155687749385834,1.3310553282499313,1.3592341393232346,7.1662134528160095
1.5377573668956757,1.5642650723457336,1.0760256052017212,0.8890149742364883,1.2462207823991776,6.313283801078796
1.7875306159257889,1.839617520570755,1.491842269897461,1.1621808856725693,1.3965303152799606,7.677701607346535
1.6744593381881714,1.7347612977027893,1.3301127552986145,1.2010298818349838,1.4410811215639114,7.3814443945884705
1.500062882900238,1.4670795798301697,1.0605033040046692,0.8333897441625595,1.133765533566475,5.994801044464111
1.5920866578817368,1.8181555569171906,1.422751545906067,1.3038056641817093,1.4498459845781326,7.586645409464836
1.8503727912902832,1.8966761231422424,1.4065583050251007,1.13540418446064,1.3418689519166946,7.630880355834961
1.831345796585083,1.8562677800655365,1.326335296034813,1.441939890384674,1.5054982006549835,7.96138696372509
1.492691770195961,1.2878845930099487,1.2066368758678436,0.9826487004756927,1.3652493357658386,6.335111275315285
1.579561024904251,1.59292733669281,1.3199300467967987,1.3527478128671646,1.3940665572881699,7.239232778549194
1.770600900053978,1.5564215779304504,1.5047737956047058,1.1709419190883636,1.3387825042009354,7.341520696878433
1.7044356763362885,1.7369317710399628,1.2460606098175049,1.2834327220916748,1.3736239671707153,7.344484746456146
1.1215854287147522,1.3893265128135681,1.1180601194500923,1.0715928673744202,1.0943989157676697,5.7949638441205025
1.5538877844810486,1.5649560987949371,1.105341449379921,1.2624068409204483,1.400718480348587,6.887310653924942
1.7511459290981293,1.7822036147117615,1.3734666407108307,1.6037989258766174,1.6937031745910645,8.204318284988403
1.259699396789074,1.7055160850286484,1.1427063047885895,1.3296171128749847,1.1799719743430614,6.617510873824358
1.626037061214447,1.6927571594715118,1.498358502984047,1.162742406129837,1.1863525360822678,7.166247665882111
1.4041970372200012,1.2826679348945618,1.230859637260437,0.924486443400383,0.9323765188455582,5.774587571620941
1.801735520362854,1.6379538774490356,1.7852338552474976,1.401915967464447,1.5021306872367859,8.12896990776062
1.7976532578468323,1.985180377960205,1.3322999775409698,1.472816914319992,1.7044521272182465,8.292402654886246
1.502234011888504,1.9405617415904999,1.5087043941020966,1.63473179936409,1.598755121231079,8.18498706817627
1.9405358135700226,1.833010196685791,1.5653899610042572,1.361706018447876,1.429681271314621,8.130323261022568
1.5396050810813904,1.4065542817115784,1.288733810186386,1.056991085410118,1.331898421049118,6.623782679438591
1.7258385121822357,1.9180391132831573,1.4424260258674622,1.5953464657068253,1.5294405221939087,8.21109063923359
1.5735233575105667,1.9746833741664886,1.473417341709137,1.539206176996231,1.7926578521728516,8.353488102555275
1.4735935628414154,1.6466572284698486,1.0610100030899048,0.9727984815835953,1.3538530617952347,6.507912337779999
1.2501163706183434,1.3019240647554398,0.899529255926609,0.7209781259298325,0.869909293949604,5.042457111179829
1.407730609178543,1.2790768146514893,0.7754421215504408,0.4590841382741928,0.8137888237833977,4.735122507438064
1.4907343685626984,1.5047780871391296,1.1312676072120667,0.871044710278511,1.0691754072904587,6.067000180482864
1.0202612280845642,1.115205317735672,0.8659724146127701,0.7951487749814987,0.9129503965377808,4.709538131952286
1.4048692137002945,1.5800565481185913,1.0637598633766174,0.912293866276741,1.0939842015504837,6.054963693022728
1.617776408791542,1.753713458776474,1.192234829068184,0.9492723345756531,1.2936277836561203,6.806624814867973
1.7735436856746674,1.8880877196788788,1.422084093093872,1.281434342265129,1.8041440397500992,8.169293880462646
1.7828116118907928,1.8008193373680115,1.3221686482429504,1.1809397488832474,1.5304492264986038,7.617188572883606
1.7214818000793457,1.6004384011030197,1.3908053040504456,1.2025080919265747,1.4284637570381165,7.343697354197502
1.703620731830597,1.6854153871536255,1.659313291311264,1.2647485733032227,1.1999364644289017,7.513034448027611
1.8126528412103653,1.6113818883895874,1.1761810928583145,1.040864646434784,1.1670122742652893,6.8080927431583405
1.131836143322289,1.1299741864204407,0.797532070428133,0.9791648536920547,1.1042572408914566,5.142764494754374
1.4736765325069427,1.762826919555664,1.1414121091365814,1.324923187494278,1.486301228404045,7.189139977097511
1.4334253072738647,1.3646551370620728,1.137089341878891,0.9278503656387329,1.0057036578655243,5.868723809719086
1.681632399559021,1.7947136759757996,1.3041080832481384,1.4404028505086899,1.476502075791359,7.697359085083008
1.6362342983484268,1.6603510677814484,1.594519853591919,1.4972548931837082,1.480586439371109,7.868946552276611
1.5324366241693497,1.7828332781791687,1.5538837611675262,1.7609719187021255,1.6772919297218323,8.307417511940002
1.7613702714443207,2.1764494478702545,1.6517663598060608,1.5502944588661194,1.5593511164188385,8.699231654405594
1.9707292318344116,2.0450016856193542,1.7321810722351074,1.4014078378677368,1.73499196767807,8.88431179523468
1.927550196647644,1.9846130907535553,1.63980633020401,1.677322804927826,1.8597000241279602,9.088992446660995
1.4277152344584465,1.822148472070694,1.2263699658215046,1.375978522002697,1.5784148648381233,7.430627059191465
1.4001111090183258,1.2584660202264786,1.1854494512081146,1.0602987855672836,1.0132910907268524,5.917616456747055
1.4889629185199738,1.5268751680850983,1.021997943520546,0.8684287220239639,1.103903904557228,6.01016865670681
1.755365639925003,1.7717753946781158,1.422459602355957,0.9934544265270233,1.4200639575719833,7.363119021058083
1.4250622689723969,1.4269474148750305,1.029165267944336,0.9101826697587967,1.0632118731737137,5.854569494724274
1.7585225105285645,1.6165874004364014,1.7073549032211304,1.43263541162014,1.4946722239255905,8.009772449731827
1.7697111368179321,1.6174775660037994,1.4703543186187744,1.3081220090389252,1.3960276693105698,7.561692699790001
1.724886178970337,1.487392097711563,1.5032510161399841,1.0790068954229355,1.3636201173067093,7.158156305551529
1.527040958404541,1.2575715780258179,1.1153816282749176,0.809122234582901,0.8670410513877869,5.576157450675964
1.4154545217752457,1.506913959980011,1.1075317561626434,0.834069699048996,1.0564128309488297,5.920382767915726
1.7664619088172913,1.7039128839969635,1.3582797646522522,1.2449621260166168,1.2728770971298218,7.346493780612946
1.3685866296291351,1.1824797093868256,1.0443687438964844,0.8911875486373901,1.089074656367302,5.575697287917137
1.1893964260816574,1.3691147863864899,1.1267864182591438,1.2525930553674698,1.093464195728302,6.031354881823063
1.5319871455430984,1.4822441637516022,1.2925330251455307,1.2716582715511322,1.3027897477149963,6.88121235370636
1.0898645222187042,1.3296911120414734,1.0185012072324753,1.0641298592090607,1.0551942884922028,5.557380989193916
1.2817218899726868,1.219124972820282,1.1024941802024841,0.8577198386192322,1.065692663192749,5.526753544807434
1.3970110714435577,1.3951352536678314,1.1242772936820984,1.0854379534721375,1.0587972402572632,6.060658812522888
1.06313157081604,1.112745150923729,1.0715060830116272,0.8221735656261444,0.8248279094696045,4.894384279847145
0.8850118815898895,0.8533202856779099,0.8361954391002655,0.6384296268224716,0.7056962102651596,3.918653443455696
1.4099270105361938,1.3799700140953064,1.1538970172405243,0.9712990820407867,1.174060195684433,6.089153319597244
1.2553610503673553,1.3000350892543793,1.1430181860923767,0.942967414855957,1.0702047049999237,5.711586445569992
1.5509308576583862,1.230789378285408,1.0977643132209778,0.7908635884523392,1.0221619307994843,5.6925100684165955
1.277017280459404,1.193999245762825,1.1489090323448181,1.0021193325519562,1.1710901111364365,5.79313500225544
1.4036424458026886,1.195997804403305,1.1934605836868286,0.8677907288074493,0.9684168100357056,5.629308372735977
1.7581327259540558,1.8744859099388123,1.5184212625026703,1.6598177552223206,1.7170825898647308,8.52794024348259
1.8171159625053406,1.6873979568481445,1.5378231704235077,1.418907418847084,1.3935007154941559,7.854745224118233
1.0947825610637665,0.9698149859905243,0.868632048368454,0.719622939825058,0.7951335459947586,4.447986081242561
1.1557513177394867,1.1950200200080872,1.1870112121105194,1.0125713646411896,1.0000312477350235,5.550385162234306
1.5105436146259308,1.5556708872318268,1.3743346333503723,1.1287266463041306,1.3407081067562103,6.909983888268471
1.705364540219307,1.6116884052753448,1.203980565071106,1.092802420258522,1.415210247039795,7.029046177864075
1.455691173672676,2.0425285696983337,1.3306065499782562,1.776037722826004,1.9716016948223114,8.576465710997581
2.1813848316669464,1.956857055425644,1.5399143546819687,1.222235769033432,1.677429348230362,8.577821359038353
1.772669106721878,1.9249916970729828,1.3762538433074951,1.2423941940069199,1.5590793043375015,7.875388145446777
1.595465362071991,1.7010059356689453,1.4162316024303436,1.072223111987114,1.3077734410762787,7.0926994532346725
1.5064995288848877,1.63787442445755,1.1095739603042603,0.9558963924646378,1.2201643139123917,6.430008620023727
1.480859249830246,1.476036697626114,1.0141384601593018,0.8465990275144577,1.013182133436203,5.830815568566322
1.6588650196790695,1.871632695198059,1.3013889342546463,1.1959445923566818,1.4789370745420456,7.506768316030502
1.6390019655227661,1.8853155374526978,1.389747142791748,1.2699919492006302,1.3843508213758469,7.568407416343689
1.5977823436260223,1.3960973769426346,1.6119608283042908,1.1639639139175415,1.4051701128482819,7.174974575638771
1.6998171508312225,1.5231519937515259,1.223156899213791,1.1460865437984467,1.3387010097503662,6.930913597345352
1.9000604152679443,1.8264720737934113,1.33424511551857,1.2180723547935486,1.4906672537326813,7.769517213106155
1.6019177809357643,1.6765339076519012,1.2594480961561203,1.0713545382022858,1.3430496156215668,6.952303938567638
1.536570355296135,1.6245574057102203,1.4396714866161346,1.3375849425792694,1.4606933295726776,7.399077519774437
1.3490615487098694,1.4039420187473297,1.0909593403339386,1.3800345063209534,1.2121689319610596,6.436166346073151
1.6317125409841537,1.6132304668426514,1.409572809934616,1.1319657415151596,1.4456679821014404,7.232149541378021
1.4445323050022125,1.509375900030136,0.9919767081737518,0.7627029269933701,1.0665155202150345,5.775103360414505
1.4181144759058952,1.5855095610022545,1.1488285511732101,0.9657616205513477,1.1348277665674686,6.253041975200176
1.7239872217178345,1.7153496146202087,1.5337570011615753,1.0315456539392471,1.5196851044893265,7.524324595928192
1.8185973465442657,2.0172745287418365,1.480862021446228,1.1035037487745285,1.55120088160038,7.971438527107239
1.3641591221094131,1.3335605263710022,1.2769127786159515,1.2271350920200348,1.4788721799850464,6.680639699101448
1.7064278423786163,1.678544893860817,1.2004351317882538,1.2302456051111221,1.3271840177476406,7.14283749088645
1.2772682681679726,1.409401960670948,0.9708011001348495,0.8094040937721729,0.9752798341214657,5.442155256867409
1.617589682340622,1.8100034296512604,1.1781103610992432,1.2776713967323303,1.5260379016399384,7.409412771463394
1.4798862934112549,1.5531828105449677,1.2068083733320236,1.3292978405952454,1.2736294567584991,6.842804774641991
1.8187929093837738,1.7754561603069305,1.339829832315445,1.1881995648145676,1.5269281417131424,7.649206608533859
1.415708802640438,1.6557020172476768,1.0830794423818588,0.8486451990902424,1.1293414272367954,6.132476888597012
1.5739697813987732,1.9802707135677338,1.3228070437908173,1.284041777253151,1.5820360332727432,7.743125349283218
1.750448226928711,1.920782893896103,1.4356275498867035,1.264325574040413,1.5138752907514572,7.8850595355033875
1.4455994069576263,1.5680679082870483,0.983335942029953,0.8578785210847855,1.178944244980812,6.033826023340225
1.6890303939580917,1.905554175376892,1.2134645283222198,1.3064966946840286,1.6327499896287918,7.747295781970024
1.410657986998558,1.4876698851585388,0.89792350679636,0.8286634236574173,1.0341437011957169,5.659058503806591
1.684591680765152,1.7940015196800232,1.378498375415802,1.1563376933336258,1.3083797246217728,7.321808993816376
1.6939333081245422,1.7559183835983276,1.354537844657898,1.0912681370973587,1.4840461164712906,7.379703789949417
1.8155186176300049,1.8377883434295654,1.3052631169557571,1.1024831682443619,1.5107835084199905,7.57183675467968
1.8658220767974854,1.8214057087898254,1.71527698636055,1.430275782942772,1.451931670308113,8.284712225198746
1.3896235227584839,1.588847666978836,1.2540737986564636,1.264745831489563,1.2364968359470367,6.733787655830383
1.6569161415100098,1.6057374477386475,1.5506218373775482,1.344926580786705,1.2784995287656784,7.436701536178589
1.8803800344467163,1.8575809001922607,1.572540432214737,1.4363086372613907,1.4621212780475616,8.208931282162666
1.6101932674646378,1.6666545867919922,1.2725282460451126,0.8434421792626381,1.078374132514,6.471192412078381
1.3701113760471344,1.4494985938072205,1.0638841688632965,0.8393941670656204,1.0556053668260574,5.778493672609329
1.565722018480301,1.4843507409095764,1.0405054092407227,0.7972931414842606,1.0238365828990936,5.911707893013954
1.822594702243805,1.811407595872879,1.4393234848976135,1.1829715222120285,1.4641615897417068,7.720458894968033
1.4153272807598114,1.5694751143455505,1.0668705701828003,0.8903752118349075,1.1446798592805862,6.086728036403656
1.4125183373689651,1.5469707548618317,1.0983302593231201,0.8911029249429703,1.1255605965852737,6.074482873082161
1.6694890856742859,1.8261919170618057,1.371353268623352,1.0511265695095062,1.2284630686044693,7.146623909473419
1.2352543771266937,1.192520946264267,1.2418033182621002,1.0611720532178879,0.9863792359828949,5.717129930853844
1.0777055025100708,1.1253276765346527,0.9083224684000015,1.0148028135299683,0.9352253377437592,5.0613837987184525
1.6422016769647598,1.6892827898263931,1.5090931206941605,1.1481372565031052,1.3707093000411987,7.359424144029617
1.4693828076124191,1.7007173895835876,1.4462375491857529,1.5916675925254822,1.7643123269081116,7.972317665815353
1.180764764547348,1.5881339609622955,0.8038705438375473,1.1122680604457855,1.1348926723003387,5.819930002093315
1.4701728522777557,1.5307945162057877,1.2747497260570526,1.249363362789154,1.140557885169983,6.665638342499733
1.9406026601791382,1.7722590565681458,1.5840536653995514,1.3610153198242188,1.5535449087619781,8.211475610733032
1.2980201840400696,1.5707799792289734,1.5267821252346039,1.2734591364860535,1.2097483277320862,6.8787897527217865
1.6823477745056152,1.7575381696224213,1.5022930204868317,1.4030871540307999,1.3463585376739502,7.691624656319618
1.4746321737766266,1.1313665807247162,1.2611906230449677,1.1085496842861176,1.2392948120832443,6.215033873915672
1.631168708205223,1.9958845674991608,1.4033059179782867,1.2161963135004044,1.4210661500692368,7.667621657252312
1.545630306005478,1.6090037822723389,1.1414356231689453,0.860856905579567,1.1902115494012833,6.347138166427612
1.3785407990217209,1.6237379610538483,1.1357717216014862,0.9077885299921036,1.2047134190797806,6.2505524307489395
1.4204789251089096,1.442457228899002,1.2223066985607147,0.7440605312585831,0.9950843304395676,5.824387714266777
1.5375019013881683,1.5262239277362823,1.0168029516935349,0.8280778676271439,1.1777520924806595,6.086358740925789
1.2877088338136673,1.4000512659549713,0.9420186579227448,0.6923689097166061,0.978409081697464,5.3005567491054535
1.501698225736618,1.4576015174388885,1.072866141796112,0.8211789578199387,1.102841541171074,5.956186383962631
1.864198386669159,1.8659760355949402,1.4124892055988312,1.1259425431489944,1.6412662714719772,7.909872442483902
1.7532255947589874,1.855481579899788,1.4068473875522614,1.4123371839523315,1.6008643507957458,8.028756096959114
1.5328127145767212,1.423531949520111,1.1066677868366241,0.9639406502246857,1.2351517081260681,6.26210480928421
1.593820944428444,1.60934716463089,1.2380813658237457,0.8878518342971802,1.1563979983329773,6.485499307513237
1.577163189649582,1.4183729887008667,1.0357726514339447,0.6963704973459244,1.0178820341825485,5.745561361312866
1.43476914614439,1.5455992817878723,1.1217697858810425,0.8199633173644543,1.1136110126972198,6.035712543874979
1.7325656712055206,1.7868238389492035,1.381335973739624,1.2720529288053513,1.465394213795662,7.638172626495361
1.3869347870349884,1.6047357320785522,1.091481775045395,0.9049864262342453,1.0910393446683884,6.079178065061569
1.6614049971103668,1.8804413676261902,1.4384344518184662,1.252414420247078,1.4951407760381699,7.727836012840271
1.8118244409561157,2.0021411180496216,1.4194808602333069,1.2954604774713516,1.5152535289525986,8.044160425662994
1.438772290945053,1.487463116645813,1.0617586970329285,0.8962314873933792,1.1929242759943008,6.077149868011475
1.4297424852848053,1.421121597290039,1.2071512937545776,1.1795909851789474,1.3849653601646423,6.622571721673012
1.263339251279831,1.1930711567401886,1.0049947798252106,0.8871335089206696,0.9700679183006287,5.318606615066528
1.6321088373661041,1.7493284046649933,1.5613498389720917,1.5403869450092316,1.4331776201725006,7.916351646184921
1.7636467218399048,1.9725614190101624,1.5456485748291016,1.321838155388832,1.621402159333229,8.22509703040123
1.4528696835041046,1.4092749953269958,1.1796963810920715,0.799054428935051,0.9822922796010971,5.82318776845932
1.8944821655750275,2.0209420323371887,1.442705750465393,1.1672653406858444,1.574168935418129,8.099564224481583
1.286715179681778,1.4152545034885406,1.0445134937763214,0.8128777295351028,1.0229006260633469,5.58226153254509
1.4495330452919006,1.521471083164215,1.1464906930923462,0.878045991063118,1.1675619035959244,6.163102716207504
1.774693787097931,1.635481357574463,1.5193531811237335,1.2861266881227493,1.5999644696712494,7.815619483590126
1.8720653504133224,1.9597225785255432,1.4074663519859314,1.3906898349523544,1.6157501488924026,8.245694264769554
1.1845177710056305,1.3769223988056183,1.1858955025672913,1.0774312615394592,1.122269481420517,5.947036415338516
1.3210971653461456,1.1910756826400757,1.1202358305454254,1.0721564441919327,1.0204449892044067,5.725010111927986
1.7390835136175156,1.935691922903061,1.6595409512519836,1.5819524079561234,1.7768387496471405,8.693107545375824
1.7980939447879791,1.5463260412216187,1.3994955271482468,1.237413763999939,1.2629290968179703,7.244258373975754
1.4966561496257782,1.5541056096553802,1.315569669008255,1.2066434621810913,1.2494913935661316,6.822466284036636
1.553236961364746,1.5769689083099365,1.2337877452373505,1.1562807708978653,1.2961518317461014,6.816426217556
1.635638028383255,1.7643090188503265,1.5089953541755676,1.64895761013031,1.600102573633194,8.158002585172653
1.3108332604169846,1.5870567858219147,1.297744482755661,1.1624644696712494,1.073001205921173,6.431100204586983
1.4242284297943115,1.2166090607643127,1.0756953358650208,0.8393536955118179,0.7925509810447693,5.348437502980232
1.5193378180265427,1.7793821692466736,1.0659083500504494,1.1248034238815308,1.1785307824611664,6.667962543666363
1.721864327788353,1.7955650687217712,1.564709484577179,1.1786241084337234,1.4642025977373123,7.724965587258339
1.44375479221344,1.7922385036945343,0.9980527106672525,1.400210127234459,1.6675363816320896,7.301792515441775
1.840945839881897,1.9057051241397858,1.370512992143631,1.0774278193712234,1.3138341754674911,7.508425951004028
1.6140437573194504,1.7493722438812256,1.377725437283516,1.2539481073617935,1.487634763121605,7.48272430896759
1.392420381307602,1.4091584086418152,1.0527524650096893,0.704353928565979,0.9720005691051483,5.530685752630234
1.751284897327423,1.8379132747650146,1.446924865245819,1.5509455800056458,1.4440793097019196,8.031147927045822
1.4617787599563599,1.6786462664604187,1.3956042975187302,1.5152373015880585,1.5033684372901917,7.554635062813759
1.1642873287200928,1.2138306498527527,1.3508773446083069,1.3205128461122513,1.1300916075706482,6.179599776864052
1.3766029626131058,1.684084191918373,1.3130264282226562,1.3310100138187408,1.4844594895839691,7.189183086156845
1.5690403878688812,1.7066755294799805,1.4378202259540558,1.4683815091848373,1.616965964436531,7.798883616924286
1.1675172448158264,1.0632389187812805,0.8738009929656982,0.9065212607383728,1.0254931449890137,5.036571562290192
1.3605048656463623,1.2393131852149963,1.0369841754436493,1.0845361799001694,1.2329430282115936,5.954281434416771
1.3586313724517822,1.4069810509681702,1.0236758291721344,0.9877777993679047,1.0831659436225891,5.860231995582581
1.6677706837654114,1.5718756914138794,1.5663367807865143,1.4129391461610794,1.428351566195488,7.647273868322372
1.6656504273414612,1.6940331757068634,1.4039341062307358,1.4650235176086426,1.5266660302877426,7.755307257175446
1.3668798357248306,1.4251791536808014,1.2712616920471191,1.2702212482690811,1.2871387004852295,6.620680630207062
1.4477317780256271,1.6655457317829132,1.2951130867004395,1.3866106271743774,1.44553804397583,7.240539267659187
1.9157231748104095,1.9734727442264557,1.7400945127010345,1.5644913613796234,1.7461483180522919,8.939930111169815
1.741425633430481,1.720461666584015,1.4339032620191574,1.4026871919631958,1.7062484622001648,8.004726216197014
1.5785393118858337,1.7988240122795105,1.4507986158132553,1.4916433691978455,1.6418637931346893,7.961669102311134
1.0759804248809814,0.9598333239555359,0.7333769798278809,0.6939692199230194,0.7855851501226425,4.24874509871006
1.243785161525011,1.3574992716312408,0.9550490900874138,0.8301527872681618,0.7808320745825768,5.167318385094404
1.2798410803079605,1.3360333144664764,0.9113361611962318,1.0776426792144775,1.034132868051529,5.638986103236675
1.7801171243190765,1.9082932472229004,1.6125614047050476,1.503936842083931,1.4463492333889008,8.251257851719856
1.9446887075901031,1.7654973268508911,1.4593514204025269,1.1230842620134354,1.3486334383487701,7.641255155205727
1.7636467218399048,1.9725614190101624,1.5456485748291016,1.321838155388832,1.621402159333229,8.22509703040123
1.565071165561676,1.6440684795379639,1.1212160885334015,0.9538623243570328,1.2392555326223373,6.5234735906124115
1.6753208935260773,1.9633209705352783,1.355857402086258,1.2309552282094955,1.5372930020093918,7.762747496366501
1.6922776848077774,1.8083841800689697,1.4816144108772278,1.193730190396309,1.33916275203228,7.515169218182564
1.8399106562137604,1.7090734094381332,1.3665309250354767,0.9829422831535339,1.2520253658294678,7.150482639670372
1.5548724830150604,1.742769181728363,1.113966464996338,1.0137090235948563,1.2828687876462936,6.708185940980911
1.3263791501522064,1.547424852848053,1.0256357043981552,1.1840916275978088,1.2184127867221832,6.301944121718407
1.4197088479995728,1.4321486353874207,1.3461834788322449,1.2693122029304504,1.29667466878891,6.764027833938599
1.734455168247223,1.638984203338623,1.4213172793388367,1.4369939714670181,1.4507534503936768,7.6825040727853775
1.3408870100975037,1.5571968853473663,1.1013034880161285,1.1121020019054413,1.0676041543483734,6.179093539714813
1.3291876018047333,1.3802319169044495,1.2336403727531433,1.373437151312828,1.4018473327159882,6.718344375491142
1.8635828346014023,1.6073616445064545,1.7077037692070007,1.4170444905757904,1.423829272389412,8.01952201128006
1.3598489686846733,1.3214304149150848,1.0730640068650246,1.0043472349643707,0.9307670071721077,5.689457632601261
0.723998948931694,0.9867319464683533,0.6979655995965004,0.6153421252965927,0.61089788377285,3.6349365040659904
1.4631740003824234,1.5373457670211792,1.2763299942016602,1.3243796229362488,1.6157838553190231,7.217013239860535
1.6355435848236084,1.7941584289073944,1.3530572950839996,1.4874220490455627,1.6961024105548859,7.966283768415451
0.8552617430686951,1.3660985231399536,0.9509704113006592,0.9319988191127777,0.9311505407094955,5.035480037331581
1.0459333807229996,1.3009372800588608,1.2308013439178467,1.3133932650089264,1.0534559302031994,5.944521199911833
1.8890962600708008,1.581545889377594,1.0593504160642624,1.162739098072052,1.3328060507774353,7.0255377143621445
1.8067219853401184,1.6166682243347168,1.3610140681266785,1.0336228907108307,1.2495244443416595,7.067551612854004
1.2587560415267944,1.329226315021515,1.1862215101718903,0.8154578655958176,1.00225630402565,5.591918036341667
1.2170822024345398,1.308176726102829,1.0540260672569275,1.0202873647212982,1.0780008733272552,5.67757323384285
1.501748412847519,2.0123469531536102,1.4241528809070587,1.3205992877483368,1.4163492172956467,7.675196751952171
1.326124295592308,1.4336261451244354,1.2832902818918228,1.27859528362751,1.3260071277618408,6.647643133997917
1.5182494819164276,1.769425868988037,1.540865182876587,1.620256245136261,1.557536169886589,8.006332948803902
1.781199648976326,1.667035549879074,1.548091173171997,1.3883001059293747,1.3790571987628937,7.7636836767196655
1.889838069677353,1.8085493445396423,1.3980574309825897,1.2856635451316833,1.43830007314682,7.820408463478088
2.0720714926719666,1.6834115982055664,1.4802274256944656,1.2134995758533478,1.4944054633378983,7.943615555763245
1.8301484882831573,1.8924432694911957,1.6044811606407166,1.2667609453201294,1.430954173207283,8.024788036942482
1.7323137372732162,1.7680065333843231,1.3075086325407028,1.1270875334739685,1.3904502987861633,7.325366735458374
1.418222337961197,1.5131058096885681,1.591316133737564,1.2880788147449493,1.2373309582471848,7.048054054379463
1.7763624340295792,1.9332886338233948,1.5691426992416382,1.4813675433397293,1.5445033609867096,8.304664671421051
1.7466304302215576,2.259550541639328,1.6597061157226562,1.6947915107011795,1.7685916721820831,9.129270270466805
1.6403397023677826,2.026038646697998,1.3755191266536713,1.3188017755746841,1.546018585562706,7.906717836856842
1.7218168675899506,1.8863429427146912,1.1818358451128006,1.164458766579628,1.6071812957525253,7.561635717749596
1.610825076699257,1.6994371265172958,1.2719078063964844,1.1480985432863235,1.552565947175026,7.282834500074387
1.408303663134575,1.720118522644043,1.0937430262565613,0.9099136739969254,1.1901466697454453,6.32222555577755
1.7265678346157074,1.774979591369629,1.256041795015335,1.2037094682455063,1.4811532944440842,7.442451983690262
1.7908466756343842,1.8331754207611084,1.5548659563064575,1.5025469660758972,1.8069932162761688,8.488428235054016
1.7273837476968765,1.7998489737510681,1.5044467151165009,1.6044755280017853,1.58732408285141,8.22347904741764
1.2931525856256485,1.3371150493621826,1.120679885149002,1.1274582743644714,1.3509498834609985,6.229355677962303
1.2148425579071045,1.945444941520691,1.2609819024801254,1.3034763932228088,1.3246188461780548,7.0493646413087845
1.6216962188482285,1.6645790040493011,1.5331968367099762,1.3481619507074356,1.4971961677074432,7.664830178022385
1.7652777135372162,1.8445522785186768,1.8140608370304108,1.5328246355056763,1.761065036058426,8.717780500650406
1.7069291025400162,1.9240217804908752,1.4946427941322327,1.682495266199112,2.010854333639145,8.818943277001381
1.1709306165575981,1.3768123090267181,0.9443850927054882,1.0415340326726437,1.0902692079544067,5.623931258916855
1.9288808703422546,1.9474284946918488,1.4851902723312378,1.9029777646064758,1.8023379147052765,9.066815316677094
1.891312688589096,1.8194696307182312,1.5508537888526917,1.060964159667492,1.3491443693637848,7.671744637191296
1.3577339202165604,1.282611459493637,1.2096729576587677,1.1652473509311676,1.3558423817157745,6.371108070015907
1.5541407763957977,1.633094310760498,1.3747340142726898,1.3031805753707886,1.1978985518217087,7.063048228621483
1.6471687853336334,1.793560802936554,1.4323628395795822,1.1084479838609695,1.5120628625154495,7.493603274226189
1.450028896331787,1.6425084471702576,1.0533272922039032,0.9567795544862747,1.262871041893959,6.365515232086182
1.5745885074138641,1.4681467711925507,1.0765756964683533,0.7870216816663742,1.0710280686616898,5.977360725402832
1.5395430251955986,1.951009064912796,1.1480774730443954,1.0486168563365936,1.1706533879041672,6.857899807393551
1.4528385698795319,1.5773402452468872,0.9647419452667236,0.7825782150030136,1.0667331367731094,5.844232112169266
1.567676454782486,1.7149008214473724,1.2639361917972565,1.302374079823494,1.4789391607046127,7.327826708555222
1.7053448855876923,1.6025045812129974,1.441883772611618,1.133629322052002,1.3061957657337189,7.189558327198029
1.9527947306632996,1.640992671251297,1.543508142232895,1.367837905883789,1.3644245862960815,7.869558036327362
1.5975674986839294,1.7371879518032074,1.5253498256206512,1.5371092855930328,1.5484338402748108,7.945648401975632
1.6588650196790695,1.871632695198059,1.3013889342546463,1.1959445923566818,1.4789370745420456,7.506768316030502
1.7636467218399048,1.9725614190101624,1.5456485748291016,1.321838155388832,1.621402159333229,8.22509703040123
1.6312851533293724,1.6741604804992676,1.1284614875912666,1.0251159444451332,1.442345529794693,6.901368595659733
1.7119368016719818,1.814003199338913,1.3646690845489502,1.1519979983568192,1.5593817383050919,7.601988822221756
1.3940536677837372,1.279567539691925,1.145007848739624,1.02720245718956,1.3128502070903778,6.158681720495224
1.5687165260314941,1.7477885782718658,1.3505105376243591,1.3137060105800629,1.5223930478096008,7.503114700317383
0.8904545903205872,0.755978524684906,0.6417722702026367,0.5218028128147125,0.5577088892459869,3.3677170872688293
1.2094847112894058,1.541039377450943,1.059935785830021,1.162758082151413,1.0483645498752594,6.021582506597042
1.6083981357514858,1.5588722974061966,1.2711265217512846,1.0366675555706024,1.1087904870510101,6.58385499753058
0.0,0.0,0.0,0.0,0.0,0.0
1.75156831741333,1.7386456429958344,1.4442730993032455,1.4395945370197296,1.6732683777809143,8.047349974513054
1.2384848892688751,1.1078981906175613,0.9147432520985603,0.7512330114841461,0.7807271704077721,4.793086513876915
1.96913281083107,1.7837513387203217,1.3862175047397614,1.3682219088077545,1.8661379516124725,8.37346151471138
1.113828644156456,1.270654022693634,1.2124134600162506,1.1055444777011871,1.212393879890442,5.91483448445797
0.9220685362815857,1.0414552986621857,0.8687318563461304,0.7485569268465042,0.9341751635074615,4.5149877816438675
1.748817965388298,2.024732917547226,1.7309274971485138,1.6917843520641327,1.7069038450717926,8.903166577219963
1.708241492509842,1.8638689815998077,1.575668603181839,1.549319177865982,1.624214082956314,8.321312338113785
1.5064913630485535,1.6445529162883759,1.6033208668231964,1.4866636842489243,1.6197835952043533,7.860812425613403
1.4937616437673569,1.8058438301086426,1.4380452334880829,1.4636441469192505,1.5478026866912842,7.749097540974617
1.573478803038597,1.5583935976028442,1.1250285618007183,1.0681235566735268,1.1868663281202316,6.511890847235918
2.1106642186641693,1.6201685667037964,1.5449126660823822,1.2266160994768143,1.3873514533042908,7.889713004231453
1.3732480555772781,1.5433719009160995,1.4236613661050797,1.2356292456388474,1.5402320474386215,7.116142615675926
1.575066551566124,1.5435213446617126,1.5023378729820251,1.4289903938770294,1.5240903198719025,7.574006482958794
1.7546451687812805,1.5788853168487549,1.4807904660701752,1.2603573203086853,1.3882688879966736,7.4629471600055695
1.8538374304771423,1.641921803355217,1.704117700457573,1.280604988336563,1.3985648304224014,7.879046753048897
1.1651887446641922,1.296354502439499,1.0500224605202675,1.025732934474945,0.9876472055912018,5.524945847690105
0.9587497413158417,1.0714332461357117,0.9017592966556549,0.9858643710613251,0.9239805042743683,4.841787159442902
1.1341071128845215,1.5530111491680145,0.8053657747805119,0.9598788134753704,0.9571587815880775,5.409521631896496
1.838261902332306,1.7080478370189667,1.3810259103775024,1.2630757987499237,1.3036803752183914,7.49409182369709
1.6595627814531326,1.809731513261795,1.4765669703483582,1.3241038620471954,1.568466991186142,7.838432118296623
0.8966427743434906,0.8118763118982315,0.8433642834424973,0.6272182166576385,0.6992083936929703,3.878309980034828
1.537159949541092,1.645167738199234,1.6428189873695374,1.4361497908830643,1.5340087115764618,7.795305177569389
1.1836889684200287,1.7062084376811981,1.3617122173309326,1.4210826754570007,1.4480920433998108,7.120784342288971
1.450028896331787,1.6425084471702576,1.0533272922039032,0.9567795544862747,1.262871041893959,6.365515232086182
1.8223414421081543,1.8017631769180298,1.504418522119522,1.0211709290742874,1.446062758564949,7.595756828784943
1.8038987815380096,1.8542287647724152,1.520582914352417,1.1375531107187271,1.5895720571279526,7.9058356285095215
1.3726866692304611,1.515965759754181,0.9738075286149979,0.9357455521821976,1.1686292439699173,5.966834753751755
2.003905951976776,2.023463726043701,1.35442915558815,1.1893756836652756,1.559935376048088,8.131109893321991
1.894585907459259,2.1176546812057495,1.3863986432552338,1.4768962413072586,1.7625368535518646,8.638072326779366
1.935308188199997,1.9277222156524658,1.540101945400238,1.1932068914175034,1.5723104923963547,8.168649733066559
1.4856180846691132,2.0950862765312195,1.554695963859558,1.332812413573265,1.443913459777832,7.912126198410988
1.3756386041641235,1.5129922032356262,1.024805411696434,0.8431051522493362,1.1602469235658646,5.916788294911385
1.170794278383255,1.1414955854415894,0.7803162336349487,0.5325623899698257,0.786744549870491,4.41191303730011
1.4183244109153748,1.3279350847005844,1.168380230665207,1.0922965705394745,1.3368162214756012,6.343752518296242
1.8540747165679932,1.6380253434181213,1.4448047578334808,1.1806441396474838,1.208131268620491,7.32568022608757
1.6155183911323547,1.7172094881534576,1.4068790078163147,1.4766667485237122,1.4783034324645996,7.694577068090439
1.7584001868963242,1.7040353417396545,1.4090624004602432,1.174539402127266,1.5131705403327942,7.559207871556282
1.1216945089399815,1.466917634010315,1.1698668897151947,1.4007095396518707,1.4319467842578888,6.591135356575251
1.5706759989261627,1.435739815235138,1.0704673528671265,1.2695395052433014,1.5761989951133728,6.922621667385101
1.0716959834098816,0.7958245277404785,0.6347709596157074,0.6271717697381973,0.8048416972160339,3.9343049377202988
1.3091500103473663,1.3812389969825745,1.083037182688713,1.131354108452797,1.1288989782333374,6.033679276704788
1.6447841227054596,1.652527242898941,1.424285888671875,1.3686592131853104,1.572065532207489,7.662321999669075
1.0837441682815552,0.8073397278785706,0.8661828637123108,0.8425623327493668,0.9907663762569427,4.590595468878746
1.7284394204616547,1.8243595957756042,1.7049532234668732,1.3762942403554916,1.5080955773591995,8.142142057418823
1.3009856343269348,1.4243713319301605,1.2740179896354675,1.2466996908187866,0.9405159503221512,6.186590597033501
0.7909570559859276,1.0091193616390228,0.7210598737001419,0.7009339034557343,0.749989703297615,3.9720598980784416
1.1483017355203629,1.5061564594507217,1.168227955698967,1.1178984940052032,1.0966461300849915,6.037230774760246
1.21078622341156,0.8960013687610626,0.8091808706521988,0.7010257989168167,0.7598008513450623,4.3767951130867
1.5871526151895523,1.362145647406578,1.2472263425588608,1.0354021042585373,1.1441254243254662,6.376052133738995
1.7277056872844696,1.495063915848732,1.5771919786930084,1.0977430641651154,1.4051086902618408,7.302813336253166
1.1701209098100662,1.3997813165187836,1.3131735026836395,1.1707727909088135,0.979630634188652,6.033479154109955
0.968529224395752,1.0284793972969055,1.024258017539978,0.7095258980989456,0.9189584851264954,4.6497510224580765
1.5627351701259613,1.6589227318763733,1.4887141287326813,1.5354482233524323,1.8240526020526886,8.069872856140137
1.3522322475910187,1.2243507504463196,1.2361842393875122,1.0239302515983582,1.3625889122486115,6.19928640127182
1.1913286745548248,0.9931622743606567,0.8874688446521759,0.8374591767787933,0.993417352437973,4.902836322784424
1.0510014593601227,1.0490437597036362,0.9094186425209045,0.7487696707248688,0.7991561405360699,4.557389672845602
1.5763128101825714,1.8207945823669434,1.5822631120681763,1.3146660327911377,1.4243291914463043,7.718365728855133
0.8968673050403595,1.2016716301441193,1.0731738209724426,0.7573824673891068,0.7491676211357117,4.67826284468174
1.680056944489479,1.7931404411792755,1.6219196617603302,1.4528472572565079,1.6180606186389923,8.166024923324585
0.7242985665798187,0.6693654656410217,0.5315946042537689,0.4608905613422394,0.4151900112628937,2.8013392090797424
1.251947969198227,1.1706523597240448,1.1096922755241394,0.8302619159221649,0.9267605841159821,5.289315104484558
1.5222353339195251,1.593596637248993,1.542324811220169,1.2544375211000443,1.328016385436058,7.240610688924789
1.610051453113556,1.635877251625061,1.5255206823349,1.3642100393772125,1.3559346348047256,7.491594061255455
1.0816591382026672,0.7917607426643372,0.8713471591472626,0.6911190301179886,0.8448325544595718,4.280718624591827
1.2508930340409279,1.5534857362508774,1.5506537854671478,1.3868368566036224,1.0888996124267578,6.830769024789333
1.6694280952215195,1.7336110770702362,1.062440350651741,1.3962335288524628,1.5257403254508972,7.387453377246857
1.737154483795166,1.6159387826919556,1.3241494596004486,1.3449203073978424,1.6338607966899872,7.6560238301754
1.557668849825859,1.7645910382270813,1.5488960444927216,1.4109429270029068,1.6008225977420807,7.882921457290649
1.473570555448532,1.904329240322113,1.427127555012703,1.5248597860336304,1.5371069461107254,7.866994082927704
2.12909534573555,2.012600153684616,1.5143566131591797,1.1321561932563782,1.4402282983064651,8.228436604142189
1.5521114766597748,1.770389974117279,1.1820200681686401,0.9436821490526199,1.2495461255311966,6.6977497935295105
1.633587896823883,1.8152469396591187,1.4868204146623611,1.2200174927711487,1.7481713891029358,7.903844133019447
2.0139987468719482,1.6871503591537476,1.426520586013794,1.0849097222089767,1.4029728919267654,7.615552306175232
1.7766091376543045,1.9409781396389008,1.3023844957351685,1.0905723571777344,1.2719563692808151,7.382500499486923
2.05693319439888,1.8851923644542694,1.322048932313919,1.1091825067996979,1.3445861786603928,7.717943176627159
1.9784754812717438,1.778527945280075,1.3737469613552094,1.1607330739498138,1.5053389221429825,7.7968223839998245
1.9074008166790009,1.860509067773819,1.2784821689128876,1.2546403110027313,1.3819566816091537,7.6829890459775925
1.8907345235347748,2.0148444175720215,1.2104112058877945,1.1866958737373352,1.5409947782754898,7.843680799007416
1.4120557308197021,1.3344038724899292,1.5366728603839874,0.9987850040197372,1.1893503665924072,6.471267834305763
1.1077664270997047,1.1766968369483948,1.2673696279525757,0.8729460723698139,0.7367725223302841,5.161551486700773
1.1204372197389603,1.4244361519813538,1.2291795909404755,1.2206868529319763,1.129350557923317,6.124090373516083
1.620826631784439,1.5719012320041656,1.7890688478946686,1.345229059457779,1.547209620475769,7.874235391616821
1.2925762310624123,1.4035638570785522,1.1128452867269516,1.1914255619049072,1.1939814984798431,6.1943924352526665
1.5171027928590775,1.296640858054161,1.1975654810667038,1.1282749772071838,1.1685609929263592,6.308145102113485
1.6339846402406693,1.944626808166504,1.6173346936702728,1.8531427085399628,1.6983504593372345,8.747439309954643
1.7662233412265778,1.7439024448394775,1.3729028403759003,1.189796805381775,1.2791769802570343,7.352002412080765
1.635519415140152,1.570033073425293,1.3454443514347076,1.2645884156227112,1.4000250101089478,7.2156102657318115
1.4756844490766525,1.3890102207660675,1.409932553768158,1.0498203784227371,1.282463863492012,6.606911465525627
1.3845083713531494,1.6912969946861267,1.2629169337451458,1.2534930855035782,1.4813865572214127,7.073601942509413
0.8894282877445221,1.0434124767780304,0.6043419055640697,0.653986468911171,0.6529544144868851,3.8441235534846783
1.3909331560134888,1.6970796883106232,1.1020210199058056,1.4207958430051804,1.3292572498321533,6.940086957067251
1.8397091627120972,2.007088005542755,1.4323867708444595,1.4028922617435455,1.5173063725233078,8.199382573366165
1.945322722196579,1.8829442262649536,1.721125215291977,1.3911132961511612,1.3006011843681335,8.241106644272804
1.1248925924301147,1.6233762502670288,1.058670736849308,1.1882665902376175,1.030205711722374,6.025411881506443
1.937244176864624,1.7062339931726456,1.571144849061966,1.3124601989984512,1.41885344684124,7.945936664938927
1.4590376615524292,1.6461263298988342,1.4598838835954666,1.574324369430542,1.6672949492931366,7.806667193770409
1.170794278383255,1.1414955854415894,0.7803162336349487,0.5325623899698257,0.786744549870491,4.41191303730011
1.765340343117714,1.8453998267650604,1.4431281238794327,1.2525111734867096,1.5790788382291794,7.885458305478096
2.0604273676872253,1.949101984500885,1.410603553056717,1.416668176651001,1.4340237975120544,8.270824879407883
1.94481061398983,1.8117269575595856,1.1597874462604523,1.1519660353660583,1.4524094611406326,7.520700514316559
1.886269137263298,1.969573736190796,1.3483339846134186,1.0854054391384125,1.4364955872297287,7.726077884435654
1.9251690804958344,1.8830156028270721,1.2616597712039948,1.1410932838916779,1.5036151856184006,7.71455292403698
1.6393015831708908,1.5530617535114288,1.4325080811977386,1.2870332598686218,1.2354207634925842,7.147325441241264
1.569715440273285,1.4374320209026337,1.2334201335906982,1.231718733906746,1.2294366508722305,6.701722979545593
1.4016254842281342,1.3747161626815796,1.404754638671875,1.0485629439353943,1.193510890007019,6.423170119524002
1.4264394044876099,1.6296839267015457,1.2471190989017487,1.135496772825718,1.3009475246071815,6.739686727523804
1.218078076839447,1.3879289031028748,0.9833588898181915,1.068326935172081,1.2570140957832336,5.914706900715828
1.3484371304512024,1.2463569045066833,1.1601651310920715,0.9388897567987442,1.089854657649994,5.783703580498695
1.4203038215637207,1.6352884769439697,1.2004871219396591,1.278581514954567,1.3543832898139954,6.889044225215912
1.7266668379306793,1.8649101257324219,1.4070519804954529,1.2161924540996552,1.5202086567878723,7.7350300550460815
1.7959156036376953,1.8640544414520264,1.134457379579544,1.0421609431505203,1.455097034573555,7.291685402393341
1.8201645463705063,1.8074516355991364,1.6862135827541351,1.5234330296516418,1.4421014189720154,8.279364213347435
1.2610006928443909,1.0856593549251556,0.9985480904579163,0.7952896058559418,0.9427139461040497,5.083211690187454
0.7553366422653198,0.6545652151107788,0.5212597250938416,0.6108805537223816,0.6453686654567719,3.1874108016490936
1.5315073132514954,1.2849664986133575,0.8453648686408997,0.9271093606948853,0.9191583693027496,5.5081064105033875
1.9859831631183624,1.5708034038543701,1.5794484317302704,1.2574919760227203,1.3628698289394379,7.756596803665161
0.862201988697052,0.6465350389480591,0.6106764376163483,0.5636196136474609,0.6227325797080994,3.3057656586170197
1.0146738141775131,1.0267238914966583,0.8925775438547134,0.7676955163478851,0.7702724933624268,4.471943259239197
1.1433935761451721,1.1726272702217102,1.1919307708740234,1.1896497905254364,1.2874438166618347,5.985045224428177
0.8956032395362854,1.3054847121238708,0.8171693980693817,0.8447481393814087,0.8807982206344604,4.743803709745407
1.3163525685667992,1.353758066892624,1.0355906710028648,1.2079387828707695,1.4164822548627853,6.330122344195843
1.9232480823993683,1.9119428992271423,1.7159222662448883,1.374584674835205,1.514352560043335,8.440050482749939
1.502202495932579,1.5527482330799103,1.2809856832027435,1.5165733397006989,1.5784152001142502,7.430924952030182
1.436873123049736,1.7005857527256012,1.5870322585105896,1.7819857746362686,1.7217330932617188,8.228210002183914
1.212628498673439,1.3588524758815765,0.932469554245472,0.9963510632514954,1.0538602769374847,5.554161868989468
1.3142745941877365,1.6247446835041046,1.1511879861354828,1.149196296930313,1.2688354849815369,6.508239045739174
0.983751468360424,1.1491909623146057,0.8614026196300983,0.9833925291895866,1.125002734363079,5.102740313857794
1.1758483946323395,1.0422151684761047,0.8919236063957214,0.7644033133983612,0.9816984534263611,4.856088936328888
1.6099313348531723,1.5637955218553543,1.2873112261295319,1.5152603685855865,1.524574339389801,7.500872790813446
1.6662110537290573,1.737134575843811,1.3901630640029907,1.3447335511446,1.455082267522812,7.593324512243271
1.623576283454895,1.5000458657741547,1.2234437763690948,1.2413712441921234,1.373283177614212,6.96172034740448
1.5223849713802338,1.4190549850463867,1.1267661452293396,1.0688087940216064,1.0184094458818436,6.15542434155941
1.6350325644016266,1.8104381561279297,1.4012307524681091,1.3921131193637848,1.3179879635572433,7.5568025559186935
1.4733175337314606,1.4025343656539917,1.1478351056575775,1.0225484669208527,1.045237511396408,6.0914729833602905
1.2578020840883255,1.8373444080352783,1.124699167907238,1.3118380308151245,1.1461306661367416,6.677814356982708
1.9440294206142426,1.7238533049821854,1.4785088300704956,1.289593666791916,1.31939996778965,7.755385190248489
1.3053386211395264,1.2678149342536926,1.1542835384607315,0.9480113089084625,1.0191354304552078,5.694583833217621
1.7426396906375885,1.633468821644783,1.4723116159439087,1.3216795772314072,1.3865762054920197,7.556675910949707
1.4926286041736603,1.583100587129593,1.2479051053524017,1.391424834728241,1.3104832023382187,7.025542333722115
1.0939062237739563,1.477889746427536,1.1112123131752014,1.1866054832935333,1.22408527135849,6.093699038028717
1.0992522239685059,1.6144177913665771,1.2787522077560425,1.3884117603302002,1.2829011678695679,6.6637351512908936
1.9399896264076233,1.9925589859485626,1.3489866256713867,1.191184014081955,1.5949426740407944,8.067661926150322
1.6156534552574158,1.7022215723991394,1.2689054608345032,1.0579650700092316,1.4878241121768951,7.132569670677185
1.6769635677337646,1.7815732061862946,1.6327622830867767,1.2608204782009125,1.61819189786911,7.9703114330768585
1.1167170107364655,1.147399663925171,1.0700102746486664,0.8314411044120789,1.0064079463481903,5.171976000070572
1.7398439943790436,1.4689138233661652,1.0535570085048676,0.7059667706489563,1.0388493984937668,6.007130995392799
1.9691827893257141,1.9897828102111816,1.373149037361145,1.124612256884575,1.313978761434555,7.770705655217171
1.3681856244802475,1.105003610253334,0.9313123524188995,1.0620289593935013,1.354140192270279,5.820670738816261
1.4801259934902191,1.517491102218628,1.389573723077774,1.1919427812099457,1.1704446822404861,6.749578282237053
1.551835685968399,1.4327606707811356,1.3803429007530212,1.069246768951416,1.4850616604089737,6.919247686862946
1.2791221141815186,1.2378787398338318,1.1316554546356201,0.8928393386304379,1.1734291315078735,5.714924778789282
1.1405317932367325,1.1801820397377014,0.9491986483335495,0.8093861937522888,1.1170295178890228,5.196328192949295
1.4647153690457344,1.7466872334480286,1.324389472603798,1.4695720076560974,1.5341430008411407,7.539507083594799
1.2578006461262703,1.465699553489685,1.017696961760521,1.1252026706933975,1.2554460912942886,6.1218459233641624
1.3060051202774048,1.2240790128707886,1.2811709940433502,0.9212951064109802,1.191527619957924,5.924077853560448
0.6580992341041565,0.6765389740467072,0.6109234094619751,0.4559182971715927,0.5194931477308273,2.920973062515259
1.341868907213211,1.0584517270326614,1.0723104029893875,0.71818707883358,1.1053960919380188,5.296214208006859
0.5911355055868626,1.1802002489566803,0.9296071603894234,0.9439408630132675,1.0124728381633759,4.65735661610961
1.416946917772293,1.149630382657051,1.1513477563858032,0.8428352624177933,1.2089394629001617,5.769699782133102
1.203371375799179,1.0934406518936157,1.1097231358289719,0.8893750607967377,1.1277172267436981,5.4236274510622025
1.376519650220871,1.139593705534935,1.0310628861188889,0.8867171108722687,0.9749933928251266,5.40888674557209
1.7108612358570099,1.6557176411151886,1.4131032079458237,1.2414619028568268,1.4079380333423615,7.42908202111721
1.1167576164007187,1.2685091495513916,1.289932519197464,0.8325467854738235,0.9435835033655167,5.4513295739889145
1.6071248054504395,1.5897451639175415,1.2605426013469696,1.2805237621068954,1.5891101956367493,7.327046528458595
1.5693365037441254,1.969813972711563,1.3629303276538849,1.536072999238968,1.5492041409015656,7.987357944250107
2.1290411949157715,1.720099151134491,1.2699268013238907,1.1644951701164246,1.6017861366271973,7.885348454117775
1.074017509818077,0.9308875501155853,0.8594205379486084,0.63021070510149,0.7284723743796349,4.223008677363396
1.0696537345647812,0.8761168569326401,0.8556446582078934,0.563153587281704,0.709542490541935,4.0741113275289536
1.5339195430278778,1.2086215913295746,1.3250396400690079,0.8266278505325317,0.9899655841290951,5.884174209088087
1.2614235579967499,1.1642318218946457,1.0217887312173843,1.0173941850662231,1.0176961831748486,5.482534479349852
1.0957893133163452,0.9097225666046143,0.8373146057128906,0.7035602182149887,0.6807763576507568,4.227163061499596
1.8633663654327393,1.540296956896782,1.4033041298389435,1.184006780385971,1.3596286475658417,7.350602880120277
1.7591195702552795,1.1974679231643677,1.097967505455017,1.150017887353897,1.1792378723621368,6.383810758590698
1.647134691476822,1.3541099429130554,1.2251355946063995,1.2725078016519547,1.4382496178150177,6.937137648463249
1.2814289927482605,1.3170290291309357,1.1312128752470016,1.1475578844547272,1.2287261188030243,6.105954900383949
1.8498212695121765,1.790798008441925,1.1601913571357727,1.0313052386045456,1.3206659704446793,7.152781844139099
1.4955371469259262,1.5293095409870148,0.9745658338069916,0.8219208940863609,1.0930756255984306,5.914409041404724
1.448933944106102,1.4751775562763214,1.1402477771043777,0.88612150400877,1.16445442289114,6.114935204386711
1.1974304765462875,1.1367088854312897,0.7260631173849106,0.5495669767260551,0.7835979983210564,4.393367454409599
1.4757425636053085,1.4227302968502045,0.9474730044603348,0.7077996954321861,1.0238734260201454,5.577618986368179
1.4696367383003235,1.4194439351558685,0.9187513887882233,0.9558303356170654,1.100731998682022,5.864394396543503
1.481671154499054,1.8029142320156097,1.0327072441577911,1.1456236690282822,1.4796632081270218,6.942579507827759
1.8155401796102524,1.6615363657474518,1.1478307992219925,1.2650802209973335,1.473827637732029,7.363815203309059
1.251097396016121,1.1500567197799683,0.6314875110983849,0.486412838101387,0.7150669991970062,4.234121464192867
1.2577429562807083,1.148867666721344,0.9436890035867691,0.6540538296103477,0.8067355081439018,4.811088964343071
1.447756603360176,1.7244051396846771,1.4057057201862335,1.0247881412506104,1.188087821006775,6.790743425488472
1.548817664384842,1.5868255496025085,1.320797473192215,1.1176391392946243,1.1766092479228973,6.750689074397087
1.9044518768787384,1.8079611659049988,1.4757797420024872,1.648969978094101,1.9172419905662537,8.754404753446579
0.8046335428953171,0.8633375763893127,0.876833587884903,0.6849208474159241,0.8251904845237732,4.05491603910923
0.9099267721176147,0.9783806502819061,0.7997469455003738,0.7907370924949646,0.7001931667327881,4.178984627127647
1.0143544673919678,1.0924356281757355,0.5737608373165131,0.5672867894172668,0.7351807057857513,3.9830184280872345
1.7921855449676514,1.632115364074707,1.508434385061264,1.2296249568462372,1.0829950869083405,7.2453553378582
1.9379198253154755,1.7992129921913147,1.799366533756256,1.085017867386341,1.2901920974254608,7.911709316074848
1.6314063668251038,1.4967654347419739,1.6418371945619583,1.227551892399788,1.2772830128669739,7.274843901395798
1.6076894998550415,1.4050307273864746,1.201174795627594,1.1258836090564728,1.3876696527004242,6.727448284626007
1.484253540635109,1.7111163437366486,1.431969404220581,1.6510683000087738,1.6193227767944336,7.897730365395546
1.448594331741333,1.413918137550354,1.4384060353040695,1.4875074326992035,1.578395813703537,7.366821750998497
1.5635119676589966,1.4541174471378326,1.379871815443039,1.3408258259296417,1.4778127074241638,7.216139763593674
1.6151182353496552,1.7161796689033508,1.52915558218956,1.5222192853689194,1.7205120623111725,8.103184834122658
1.212417483329773,1.299357384443283,1.2253909707069397,1.182883620262146,1.2739164978265762,6.193965956568718
1.0372390747070312,0.9704120457172394,0.680664673447609,0.8674543797969818,1.0817567706108093,4.637526944279671
1.0034061670303345,0.9648508429527283,0.725348562002182,0.9715121984481812,1.2258166670799255,4.890934437513351
0.9090572595596313,1.2165078222751617,0.8070473968982697,0.8952501118183136,0.9080457985401154,4.735908389091492
1.0309074372053146,0.9170102477073669,0.7410451620817184,0.8290590643882751,0.9633203446865082,4.481342256069183
0.8333654552698135,1.0362128615379333,0.7045439630746841,0.7289704978466034,0.9275289475917816,4.230621725320816
1.4405229315161705,1.4305654168128967,1.234382439404726,1.0360173806548119,1.1541303023695946,6.2956184707582
1.4410532861948013,1.426354169845581,1.129276067018509,1.1484278738498688,1.1821325719356537,6.327243968844414
1.854765236377716,1.8299995064735413,1.3192199170589447,1.2058710753917694,1.2143651992082596,7.424220934510231
1.3846347779035568,1.3569618463516235,1.1319833770394325,1.1921048760414124,1.1469923108816147,6.21267718821764
1.1996648609638214,1.018175721168518,1.0424245595932007,1.0444219410419464,1.0154387056827545,5.320125788450241
1.5103236138820648,1.4016332924365997,1.12187060713768,1.1440164744853973,1.1462864875793457,6.324130475521088
1.6939896643161774,1.7241107374429703,1.1913779973983765,1.4100702032446861,1.345955766737461,7.365504369139671
1.34618678689003,1.6438968181610107,1.2153020203113556,1.4107011407613754,1.4926069676876068,7.1086937338113785
1.4261184334754944,1.6617676317691803,1.20135298371315,1.130330502986908,1.3936817049980164,6.813251256942749
1.2990069687366486,1.612391322851181,1.1951537281274796,1.0439284592866898,1.247978389263153,6.398458868265152
1.5551293194293976,1.8018432259559631,1.351830631494522,1.0199184715747833,1.0811932682991028,6.809914916753769
1.746906578540802,2.0934923589229584,1.5069571137428284,1.5572586953639984,1.9944186806678772,8.899033427238464
1.6082290709018707,1.6820448637008667,1.291386991739273,1.0759100019931793,1.269218921661377,6.926789849996567
0.7439177334308624,0.8616796135902405,0.6091485023498535,0.4308749884366989,0.595621258020401,3.2412420958280563
1.5389201492071152,1.5602310299873352,1.1611122488975525,0.9056521058082581,1.1140044927597046,6.2799200266599655
1.2030201852321625,1.180060163140297,0.9487790465354919,1.0589948147535324,1.211888387799263,5.602742597460747
1.4504306316375732,1.4770413935184479,1.1109519004821777,1.249993085861206,1.4098398983478546,6.6982569098472595
1.9239366054534912,2.1129166185855865,1.1820639967918396,1.4714601337909698,1.6482930183410645,8.338670372962952
1.6630346179008484,1.4632450938224792,1.3388266265392303,1.1647001206874847,1.3395824432373047,6.969388902187347
1.1702225506305695,0.9418187141418457,0.9106749892234802,1.01341050863266,0.9875806868076324,5.023707449436188
0.7069375813007355,0.6247942000627518,0.7493745684623718,0.5674067139625549,0.5641309134662151,3.212643977254629
2.059349477291107,1.433505117893219,1.479083240032196,1.0780556201934814,1.2135979980230331,7.263591453433037
1.7227228283882141,1.735800564289093,1.1615743041038513,1.103007823228836,1.492414951324463,7.215520471334457
1.8473970890045166,2.0664223432540894,1.5177348852157593,1.2419608235359192,1.388012021780014,8.061527162790298
1.2366778627038002,1.710206687450409,1.0771311074495316,1.0930863693356514,1.1921228617429733,6.309224888682365
1.186007559299469,1.1482782363891602,0.7553745359182358,0.7718787267804146,0.9231539964675903,4.78469305485487
1.7420163452625275,1.3159469366073608,1.1247702836990356,1.22564235329628,1.2905417829751968,6.698917701840401
1.493940144777298,1.4560884237289429,1.1576978862285614,1.2265253365039825,1.3480217158794403,6.682273507118225
1.161433070898056,0.9998272657394409,0.901030570268631,0.8660697937011719,0.7583742737770081,4.686734974384308
1.383293256163597,1.365623265504837,1.2358698397874832,1.011707216501236,1.158379852771759,6.154873430728912
1.523876041173935,1.0928365588188171,1.1269847601652145,0.9765338748693466,0.9773574471473694,5.697588682174683
1.5164140462875366,1.7832764089107513,1.3849863409996033,1.2848567515611649,1.2815149277448654,7.2510484755039215
1.4083342105150223,1.5878434777259827,1.1973896026611328,1.014777421951294,1.0774053633213043,6.285750076174736
0.9959743618965149,0.8640973120927811,0.6137666255235672,0.6256929934024811,0.612944707274437,3.712476000189781
1.5762176513671875,1.3293794393539429,1.2022560238838196,1.0244046747684479,1.235256552696228,6.367514342069626
1.625234603881836,1.431338906288147,1.1147931665182114,1.056170504540205,0.9860462099313736,6.213583391159773
1.2677122950553894,1.334826022386551,1.0868878811597824,1.0527029782533646,1.0036630630493164,5.745792239904404
1.1877781003713608,1.6377354860305786,1.1361415460705757,1.165866732597351,1.0980473458766937,6.22556921094656
1.5430115163326263,1.6360441744327545,1.1777539551258087,1.2073389887809753,1.3384052515029907,6.902553886175156
1.3437411040067673,1.4836690425872803,1.3191470503807068,0.9961165338754654,1.177523285150528,6.320197016000748
0.8328796699643135,0.7382015734910965,0.47063107788562775,0.2454148381948471,0.3847707509994507,2.6718979105353355
1.5200636386871338,1.700023204088211,1.362233966588974,1.3143374025821686,1.507388710975647,7.404046922922134
0.9480321109294891,0.8525682389736176,0.6245335638523102,0.3903025686740875,0.5398119688034058,3.35524845123291
1.3204216361045837,1.6828623712062836,1.2328620851039886,1.2409644275903702,1.3148037493228912,6.791914269328117
1.6618189215660095,1.5401152819395065,1.2686333507299423,1.2995644807815552,1.4003221094608307,7.170454144477844
1.5985938385128975,1.6673947870731354,1.5313530713319778,1.363420531153679,1.5188753455877304,7.67963757365942
1.5112144649028778,1.6022850275039673,1.1907456517219543,1.0500460863113403,1.4193808436393738,6.7736720740795135
1.5390278995037079,1.7269481122493744,1.388951227068901,1.054017424583435,1.1795274168252945,6.888472080230713
