,scene,frame,xmin,ymin,xmax,ymax,confidence,class,name
0,0,0.0,,,,,0.04471011087298393,85.0,catacomb
1,0,0.0,,,,,0.027584033086895943,235.0,movie_theater/indoor
2,0,0.0,,,,,0.025862719863653183,315.0,stage/indoor
3,0,0.0,,,,,0.019844433292746544,250.0,orchestra_pit
4,0,0.0,,,,,0.015580127015709877,306.0,sky
5,0,1.0,,,,,0.04471011087298393,85.0,catacomb
6,0,1.0,,,,,0.027584033086895943,235.0,movie_theater/indoor
7,0,1.0,,,,,0.025862719863653183,315.0,stage/indoor
8,0,1.0,,,,,0.019844433292746544,250.0,orchestra_pit
9,0,1.0,,,,,0.015580127015709877,306.0,sky
10,0,2.0,76.73155975341797,47.43870544433594,96.17918395996094,105.63081359863281,0.6192405819892883,0.0,person
11,0,2.0,,,,,0.2714179754257202,177.0,home_theater
12,0,2.0,,,,,0.14731767773628235,235.0,movie_theater/indoor
13,0,2.0,,,,,0.049339354038238525,61.0,booth/indoor
14,0,2.0,,,,,0.027854546904563904,9.0,aquarium
15,0,2.0,,,,,0.027838878333568573,16.0,arena/performance
16,0,3.0,76.88109588623047,51.52073287963867,96.4731674194336,113.61900329589844,0.719843327999115,0.0,person
17,0,3.0,,,,,0.3492501378059387,177.0,home_theater
18,0,3.0,,,,,0.29146119952201843,235.0,movie_theater/indoor
19,0,3.0,,,,,0.12789978086948395,9.0,aquarium
20,0,3.0,,,,,0.06464125961065292,16.0,arena/performance
21,0,3.0,,,,,0.02234261855483055,261.0,pet_shop
22,0,4.0,,,,,0.5931606292724609,177.0,home_theater
23,0,4.0,,,,,0.3395285904407501,235.0,movie_theater/indoor
24,0,4.0,,,,,0.015954982489347458,27.0,auditorium
25,0,4.0,,,,,0.013621599413454533,16.0,arena/performance
26,0,4.0,,,,,0.006959535181522369,101.0,conference_center
27,0,5.0,30.97747802734375,70.48764038085938,84.67674255371094,119.979248046875,0.3994579017162323,69.0,oven
28,0,5.0,,,,,0.049933262169361115,192.0,industrial_area
29,0,5.0,,,,,0.039212021976709366,177.0,home_theater
30,0,5.0,,,,,0.03580661118030548,84.0,castle
31,0,5.0,,,,,0.03293105587363243,49.0,beach_house
32,0,5.0,,,,,0.03088616207242012,218.0,lock_chamber
33,0,6.0,70.83209228515625,77.83790588378906,95.14656829833984,102.86273956298828,0.5457360148429871,0.0,person
34,0,6.0,,,,,0.08712371438741684,158.0,gas_station
35,0,6.0,,,,,0.059483855962753296,216.0,loading_dock
36,0,6.0,,,,,0.040005479007959366,192.0,industrial_area
37,0,6.0,,,,,0.03381110355257988,332.0,ticket_booth
38,0,6.0,,,,,0.020749662071466446,170.0,hangar/outdoor
39,1,0.0,,,,,0.29289746284484863,16.0,arena/performance
40,1,0.0,,,,,0.2649855613708496,235.0,movie_theater/indoor
41,1,0.0,,,,,0.23192690312862396,177.0,home_theater
42,1,0.0,,,,,0.044440194964408875,315.0,stage/indoor
43,1,0.0,,,,,0.03929954022169113,27.0,auditorium
44,1,1.0,,,,,0.29289746284484863,16.0,arena/performance
45,1,1.0,,,,,0.2649855613708496,235.0,movie_theater/indoor
46,1,1.0,,,,,0.23192690312862396,177.0,home_theater
47,1,1.0,,,,,0.044440194964408875,315.0,stage/indoor
48,1,1.0,,,,,0.03929954022169113,27.0,auditorium
49,1,2.0,,,,,0.41855373978614807,16.0,arena/performance
50,1,2.0,,,,,0.16944226622581482,235.0,movie_theater/indoor
51,1,2.0,,,,,0.1283271610736847,177.0,home_theater
52,1,2.0,,,,,0.047518108040094376,329.0,television_studio
53,1,2.0,,,,,0.040574561804533005,315.0,stage/indoor
54,2,0.0,15.130593299865723,24.99752426147461,112.63147735595703,113.63592529296875,0.3529245853424072,62.0,tv
55,2,0.0,,,,,0.3503684103488922,177.0,home_theater
56,2,0.0,,,,,0.2592821717262268,235.0,movie_theater/indoor
57,2,0.0,,,,,0.022662542760372162,27.0,auditorium
58,2,0.0,,,,,0.02147773653268814,130.0,elevator_lobby
59,2,0.0,,,,,0.02106942981481552,297.0,science_museum
60,2,1.0,15.130593299865723,24.99752426147461,112.63147735595703,113.63592529296875,0.3529245853424072,62.0,tv
61,2,1.0,,,,,0.3503684103488922,177.0,home_theater
62,2,1.0,,,,,0.2592821717262268,235.0,movie_theater/indoor
63,2,1.0,,,,,0.022662542760372162,27.0,auditorium
64,2,1.0,,,,,0.02147773653268814,130.0,elevator_lobby
65,2,1.0,,,,,0.02106942981481552,297.0,science_museum
66,2,2.0,120.87622833251953,24.99361801147461,172.80364990234375,98.53229522705078,0.4608133137226105,15.0,cat
67,2,2.0,,,,,0.06838323920965195,177.0,home_theater
68,2,2.0,,,,,0.061440736055374146,235.0,movie_theater/indoor
69,2,2.0,,,,,0.038975488394498825,216.0,loading_dock
70,2,2.0,,,,,0.038876891136169434,320.0,subway_station/platform
71,2,2.0,,,,,0.03396744653582573,196.0,jail_cell
72,2,3.0,108.13751983642578,24.51919174194336,175.46263122558594,118.66840362548828,0.40704628825187683,15.0,cat
73,2,3.0,105.35193634033203,24.553600311279297,175.5340576171875,118.42967987060547,0.3397654592990875,0.0,person
74,2,3.0,,,,,0.0741378664970398,131.0,elevator_shaft
75,2,3.0,,,,,0.0540127269923687,196.0,jail_cell
76,2,3.0,,,,,0.03730582073330879,177.0,home_theater
77,2,3.0,,,,,0.029274217784404755,320.0,subway_station/platform
78,2,3.0,,,,,0.026633745059370995,235.0,movie_theater/indoor
79,3,0.0,80.12950897216797,63.81934356689453,95.62138366699219,78.40866088867188,0.39066722989082336,74.0,clock
80,3,0.0,,,,,0.12683917582035065,177.0,home_theater
81,3,0.0,,,,,0.07211662828922272,235.0,movie_theater/indoor
82,3,0.0,,,,,0.035295672714710236,131.0,elevator_shaft
83,3,0.0,,,,,0.030177179723978043,329.0,television_studio
84,3,0.0,,,,,0.0245632566511631,170.0,hangar/outdoor
85,3,1.0,80.12950897216797,63.81934356689453,95.62138366699219,78.40866088867188,0.39066722989082336,74.0,clock
86,3,1.0,,,,,0.12683917582035065,177.0,home_theater
87,3,1.0,,,,,0.07211662828922272,235.0,movie_theater/indoor
88,3,1.0,,,,,0.035295672714710236,131.0,elevator_shaft
89,3,1.0,,,,,0.030177179723978043,329.0,television_studio
90,3,1.0,,,,,0.0245632566511631,170.0,hangar/outdoor
91,3,2.0,144.13638305664062,25.071155548095703,175.67239379882812,119.2088394165039,0.4655887484550476,0.0,person
92,3,2.0,,,,,0.15340134501457214,177.0,home_theater
93,3,2.0,,,,,0.0690498948097229,235.0,movie_theater/indoor
94,3,2.0,,,,,0.06287508457899094,207.0,landing_deck
95,3,2.0,,,,,0.031931959092617035,329.0,television_studio
96,3,2.0,,,,,0.029919441789388657,170.0,hangar/outdoor
97,3,3.0,36.48992156982422,31.706012725830078,99.9240951538086,94.63480377197266,0.4574495851993561,74.0,clock
98,3,3.0,,,,,0.05931464955210686,63.0,bow_window/indoor
99,3,3.0,,,,,0.05456984043121338,235.0,movie_theater/indoor
100,3,3.0,,,,,0.04939880967140198,177.0,home_theater
101,3,3.0,,,,,0.04080677777528763,236.0,museum/indoor
102,3,3.0,,,,,0.035560548305511475,41.0,barndoor
103,4,0.0,,,,,0.11350607126951218,315.0,stage/indoor
104,4,0.0,,,,,0.07110510766506195,85.0,catacomb
105,4,0.0,,,,,0.054421089589595795,235.0,movie_theater/indoor
106,4,0.0,,,,,0.054186850786209106,196.0,jail_cell
107,4,0.0,,,,,0.03038894012570381,16.0,arena/performance
108,4,1.0,,,,,0.11350607126951218,315.0,stage/indoor
109,4,1.0,,,,,0.07110510766506195,85.0,catacomb
110,4,1.0,,,,,0.054421089589595795,235.0,movie_theater/indoor
111,4,1.0,,,,,0.054186850786209106,196.0,jail_cell
112,4,1.0,,,,,0.03038894012570381,16.0,arena/performance
113,4,2.0,,,,,0.11412592977285385,85.0,catacomb
114,4,2.0,,,,,0.09336013346910477,315.0,stage/indoor
115,4,2.0,,,,,0.07113038748502731,16.0,arena/performance
116,4,2.0,,,,,0.06872393190860748,170.0,hangar/outdoor
117,4,2.0,,,,,0.03485138341784477,167.0,grotto
118,4,3.0,65.19970703125,23.862668991088867,159.42901611328125,84.21247100830078,0.629332959651947,34.0,baseball bat
119,4,3.0,,,,,0.07839932292699814,315.0,stage/indoor
120,4,3.0,,,,,0.0736207664012909,16.0,arena/performance
121,4,3.0,,,,,0.07125409692525864,170.0,hangar/outdoor
122,4,3.0,,,,,0.042987603694200516,235.0,movie_theater/indoor
123,4,3.0,,,,,0.03631935268640518,85.0,catacomb
124,5,0.0,,,,,0.0693209245800972,85.0,catacomb
125,5,0.0,,,,,0.044403210282325745,235.0,movie_theater/indoor
126,5,0.0,,,,,0.03893667086958885,315.0,stage/indoor
127,5,0.0,,,,,0.02574676088988781,16.0,arena/performance
128,5,0.0,,,,,0.020124146714806557,306.0,sky
129,5,1.0,,,,,0.0693209245800972,85.0,catacomb
130,5,1.0,,,,,0.044403210282325745,235.0,movie_theater/indoor
131,5,1.0,,,,,0.03893667086958885,315.0,stage/indoor
132,5,1.0,,,,,0.02574676088988781,16.0,arena/performance
133,5,1.0,,,,,0.020124146714806557,306.0,sky
134,5,2.0,66.98233795166016,53.69325256347656,88.54561614990234,114.2607421875,0.6436600089073181,0.0,person
135,5,2.0,,,,,0.22133131325244904,177.0,home_theater
136,5,2.0,,,,,0.22028662264347076,235.0,movie_theater/indoor
137,5,2.0,,,,,0.05510149523615837,329.0,television_studio
138,5,2.0,,,,,0.040004778653383255,297.0,science_museum
139,5,2.0,,,,,0.03374994173645973,27.0,auditorium
140,6,0.0,86.02178192138672,33.48541259765625,132.84368896484375,119.62126922607422,0.8846891522407532,0.0,person
141,6,0.0,103.03559112548828,61.405155181884766,108.8689193725586,88.02738189697266,0.7267756462097168,27.0,tie
142,6,0.0,,,,,0.2089068591594696,235.0,movie_theater/indoor
143,6,0.0,,,,,0.08800756186246872,27.0,auditorium
144,6,0.0,,,,,0.06986414641141891,177.0,home_theater
145,6,0.0,,,,,0.0629497617483139,41.0,barndoor
146,6,0.0,,,,,0.05380615219473839,16.0,arena/performance
147,6,1.0,86.02178192138672,33.48541259765625,132.84368896484375,119.62126922607422,0.8846891522407532,0.0,person
148,6,1.0,103.03559112548828,61.405155181884766,108.8689193725586,88.02738189697266,0.7267756462097168,27.0,tie
149,6,1.0,,,,,0.2089068591594696,235.0,movie_theater/indoor
150,6,1.0,,,,,0.08800756186246872,27.0,auditorium
151,6,1.0,,,,,0.06986414641141891,177.0,home_theater
152,6,1.0,,,,,0.0629497617483139,41.0,barndoor
153,6,1.0,,,,,0.05380615219473839,16.0,arena/performance
154,6,2.0,13.690711975097656,26.391067504882812,105.49799346923828,119.62677764892578,0.926797091960907,0.0,person
155,6,2.0,,,,,0.3993343114852905,235.0,movie_theater/indoor
156,6,2.0,,,,,0.26857790350914,177.0,home_theater
157,6,2.0,,,,,0.03433556854724884,16.0,arena/performance
158,6,2.0,,,,,0.025600047782063484,101.0,conference_center
159,6,2.0,,,,,0.022380050271749496,35.0,ballroom
160,7,0.0,,,,,0.19996394217014313,177.0,home_theater
161,7,0.0,,,,,0.09518875926733017,235.0,movie_theater/indoor
162,7,0.0,,,,,0.05495501309633255,16.0,arena/performance
163,7,0.0,,,,,0.04583639279007912,303.0,shower
164,7,0.0,,,,,0.04090758413076401,320.0,subway_station/platform
165,7,1.0,,,,,0.19996394217014313,177.0,home_theater
166,7,1.0,,,,,0.09518875926733017,235.0,movie_theater/indoor
167,7,1.0,,,,,0.05495501309633255,16.0,arena/performance
168,7,1.0,,,,,0.04583639279007912,303.0,shower
169,7,1.0,,,,,0.04090758413076401,320.0,subway_station/platform
170,7,2.0,8.542707443237305,31.86369514465332,105.60893249511719,119.87599182128906,0.5943628549575806,0.0,person
171,7,2.0,,,,,0.18712645769119263,177.0,home_theater
172,7,2.0,,,,,0.14936988055706024,235.0,movie_theater/indoor
173,7,2.0,,,,,0.05542774498462677,16.0,arena/performance
174,7,2.0,,,,,0.047372348606586456,236.0,museum/indoor
175,7,2.0,,,,,0.04654562100768089,63.0,bow_window/indoor
176,8,0.0,,,,,0.43456149101257324,131.0,elevator_shaft
177,8,0.0,,,,,0.029412608593702316,1.0,airplane_cabin
178,8,0.0,,,,,0.02713443525135517,170.0,hangar/outdoor
179,8,0.0,,,,,0.02708156779408455,235.0,movie_theater/indoor
180,8,0.0,,,,,0.01629115268588066,196.0,jail_cell
181,8,1.0,,,,,0.43456149101257324,131.0,elevator_shaft
182,8,1.0,,,,,0.029412608593702316,1.0,airplane_cabin
183,8,1.0,,,,,0.02713443525135517,170.0,hangar/outdoor
184,8,1.0,,,,,0.02708156779408455,235.0,movie_theater/indoor
185,8,1.0,,,,,0.01629115268588066,196.0,jail_cell
186,8,2.0,,,,,0.5392504930496216,131.0,elevator_shaft
187,8,2.0,,,,,0.020601147785782814,235.0,movie_theater/indoor
188,8,2.0,,,,,0.017129139974713326,1.0,airplane_cabin
189,8,2.0,,,,,0.01305678952485323,196.0,jail_cell
190,8,2.0,,,,,0.01253962330520153,16.0,arena/performance
191,9,0.0,,,,,0.16029849648475647,131.0,elevator_shaft
192,9,0.0,,,,,0.05518344044685364,315.0,stage/indoor
193,9,0.0,,,,,0.05351659283041954,235.0,movie_theater/indoor
194,9,0.0,,,,,0.036437660455703735,43.0,basement
195,9,0.0,,,,,0.034594785422086716,16.0,arena/performance
196,9,1.0,,,,,0.16029849648475647,131.0,elevator_shaft
197,9,1.0,,,,,0.05518344044685364,315.0,stage/indoor
198,9,1.0,,,,,0.05351659283041954,235.0,movie_theater/indoor
199,9,1.0,,,,,0.036437660455703735,43.0,basement
200,9,1.0,,,,,0.034594785422086716,16.0,arena/performance
201,9,2.0,,,,,0.07374391704797745,320.0,subway_station/platform
202,9,2.0,,,,,0.065567746758461,85.0,catacomb
203,9,2.0,,,,,0.0592532642185688,315.0,stage/indoor
204,9,2.0,,,,,0.047233570367097855,170.0,hangar/outdoor
205,9,2.0,,,,,0.04410814121365547,135.0,escalator/indoor
206,9,3.0,,,,,0.09444186836481094,16.0,arena/performance
207,9,3.0,,,,,0.07417339086532593,170.0,hangar/outdoor
208,9,3.0,,,,,0.056532151997089386,315.0,stage/indoor
209,9,3.0,,,,,0.04457422345876694,235.0,movie_theater/indoor
210,9,3.0,,,,,0.033087022602558136,85.0,catacomb
211,10,0.0,,,,,0.0381900891661644,85.0,catacomb
212,10,0.0,,,,,0.02545846998691559,235.0,movie_theater/indoor
213,10,0.0,,,,,0.02315892092883587,315.0,stage/indoor
214,10,0.0,,,,,0.016050143167376518,250.0,orchestra_pit
215,10,0.0,,,,,0.015859991312026978,306.0,sky
216,10,1.0,,,,,0.0381900891661644,85.0,catacomb
217,10,1.0,,,,,0.02545846998691559,235.0,movie_theater/indoor
218,10,1.0,,,,,0.02315892092883587,315.0,stage/indoor
219,10,1.0,,,,,0.016050143167376518,250.0,orchestra_pit
220,10,1.0,,,,,0.015859991312026978,306.0,sky
221,10,2.0,15.645689010620117,32.11942672729492,96.18900299072266,119.99268341064453,0.9056220650672913,0.0,person
222,10,2.0,99.37162017822266,39.67350387573242,153.30999755859375,120.14466857910156,0.787733793258667,0.0,person
223,10,2.0,58.93384552001953,75.3193588256836,68.49266052246094,91.308837890625,0.460724800825119,27.0,tie
224,10,2.0,55.1435546875,76.43656921386719,68.38658905029297,119.98664093017578,0.2770724296569824,27.0,tie
225,10,2.0,,,,,0.07898800820112228,320.0,subway_station/platform
226,10,2.0,,,,,0.07147625088691711,85.0,catacomb
227,10,2.0,,,,,0.060564979910850525,131.0,elevator_shaft
228,10,2.0,,,,,0.048955559730529785,177.0,home_theater
229,10,2.0,,,,,0.04187079891562462,106.0,corridor
230,11,0.0,,,,,0.507895827293396,177.0,home_theater
231,11,0.0,,,,,0.07224884629249573,235.0,movie_theater/indoor
232,11,0.0,,,,,0.07099603116512299,297.0,science_museum
233,11,0.0,,,,,0.053745344281196594,9.0,aquarium
234,11,0.0,,,,,0.048117320984601974,329.0,television_studio
235,11,1.0,,,,,0.507895827293396,177.0,home_theater
236,11,1.0,,,,,0.07224884629249573,235.0,movie_theater/indoor
237,11,1.0,,,,,0.07099603116512299,297.0,science_museum
238,11,1.0,,,,,0.053745344281196594,9.0,aquarium
239,11,1.0,,,,,0.048117320984601974,329.0,television_studio
240,11,2.0,,,,,0.14404326677322388,37.0,bank_vault
241,11,2.0,,,,,0.09067686647176743,129.0,elevator/door
242,11,2.0,,,,,0.06131426617503166,2.0,airport_terminal
243,11,2.0,,,,,0.05052070692181587,177.0,home_theater
244,11,2.0,,,,,0.04981601983308792,285.0,restaurant_kitchen
245,11,3.0,,,,,0.22415964305400848,37.0,bank_vault
246,11,3.0,,,,,0.06177661195397377,219.0,locker_room
247,11,3.0,,,,,0.060931190848350525,285.0,restaurant_kitchen
248,11,3.0,,,,,0.04149087890982628,129.0,elevator/door
249,11,3.0,,,,,0.03126473352313042,131.0,elevator_shaft
250,12,0.0,,,,,0.04982517659664154,360.0,wind_farm
251,12,0.0,,,,,0.03855397552251816,85.0,catacomb
252,12,0.0,,,,,0.03440610319375992,235.0,movie_theater/indoor
253,12,0.0,,,,,0.024512138217687607,315.0,stage/indoor
254,12,0.0,,,,,0.020029427483677864,16.0,arena/performance
255,12,1.0,,,,,0.04982517659664154,360.0,wind_farm
256,12,1.0,,,,,0.03855397552251816,85.0,catacomb
257,12,1.0,,,,,0.03440610319375992,235.0,movie_theater/indoor
258,12,1.0,,,,,0.024512138217687607,315.0,stage/indoor
259,12,1.0,,,,,0.020029427483677864,16.0,arena/performance
260,12,2.0,,,,,0.16442272067070007,85.0,catacomb
261,12,2.0,,,,,0.06841659545898438,131.0,elevator_shaft
262,12,2.0,,,,,0.06791000068187714,167.0,grotto
263,12,2.0,,,,,0.064107745885849,315.0,stage/indoor
264,12,2.0,,,,,0.049490462988615036,16.0,arena/performance
265,12,3.0,,,,,0.13453324139118195,235.0,movie_theater/indoor
266,12,3.0,,,,,0.11336357146501541,315.0,stage/indoor
267,12,3.0,,,,,0.06385257095098495,16.0,arena/performance
268,12,3.0,,,,,0.054135702550411224,85.0,catacomb
269,12,3.0,,,,,0.030757557600736618,177.0,home_theater
270,13,0.0,,,,,0.05969024449586868,85.0,catacomb
271,13,0.0,,,,,0.051115795969963074,235.0,movie_theater/indoor
272,13,0.0,,,,,0.03247523680329323,315.0,stage/indoor
273,13,0.0,,,,,0.0211728997528553,16.0,arena/performance
274,13,0.0,,,,,0.016391534358263016,250.0,orchestra_pit
275,13,1.0,,,,,0.05969024449586868,85.0,catacomb
276,13,1.0,,,,,0.051115795969963074,235.0,movie_theater/indoor
277,13,1.0,,,,,0.03247523680329323,315.0,stage/indoor
278,13,1.0,,,,,0.0211728997528553,16.0,arena/performance
279,13,1.0,,,,,0.016391534358263016,250.0,orchestra_pit
280,13,2.0,102.33940887451172,110.9266128540039,127.00338745117188,120.24726867675781,0.7723730802536011,27.0,tie
281,13,2.0,75.15006256103516,24.919715881347656,171.5062255859375,119.71595001220703,0.6107205152511597,0.0,person
282,13,2.0,,,,,0.2922925353050232,177.0,home_theater
283,13,2.0,,,,,0.23545615375041962,235.0,movie_theater/indoor
284,13,2.0,,,,,0.07926788181066513,236.0,museum/indoor
285,13,2.0,,,,,0.031016122549772263,85.0,catacomb
286,13,2.0,,,,,0.02299131080508232,19.0,art_gallery
287,14,0.0,,,,,0.40717408061027527,235.0,movie_theater/indoor
288,14,0.0,,,,,0.39578869938850403,177.0,home_theater
289,14,0.0,,,,,0.0334724560379982,16.0,arena/performance
290,14,0.0,,,,,0.025399377569556236,329.0,television_studio
291,14,0.0,,,,,0.012656736187636852,315.0,stage/indoor
292,14,1.0,,,,,0.40717408061027527,235.0,movie_theater/indoor
293,14,1.0,,,,,0.39578869938850403,177.0,home_theater
294,14,1.0,,,,,0.0334724560379982,16.0,arena/performance
295,14,1.0,,,,,0.025399377569556236,329.0,television_studio
296,14,1.0,,,,,0.012656736187636852,315.0,stage/indoor
297,14,2.0,82.74687957763672,23.36827850341797,175.81277465820312,119.09598541259766,0.8863539695739746,0.0,person
298,14,2.0,,,,,0.3469945788383484,177.0,home_theater
299,14,2.0,,,,,0.27562642097473145,235.0,movie_theater/indoor
300,14,2.0,,,,,0.1252550482749939,16.0,arena/performance
301,14,2.0,,,,,0.07714208215475082,329.0,television_studio
302,14,2.0,,,,,0.07015324383974075,101.0,conference_center
303,15,0.0,,,,,0.14431080222129822,2.0,airport_terminal
304,15,0.0,,,,,0.04826708137989044,320.0,subway_station/platform
305,15,0.0,,,,,0.04116294905543327,336.0,train_interior
306,15,0.0,,,,,0.039018407464027405,11.0,arcade
307,15,0.0,,,,,0.03659352660179138,50.0,beauty_salon
308,15,1.0,,,,,0.14431080222129822,2.0,airport_terminal
309,15,1.0,,,,,0.04826708137989044,320.0,subway_station/platform
310,15,1.0,,,,,0.04116294905543327,336.0,train_interior
311,15,1.0,,,,,0.039018407464027405,11.0,arcade
312,15,1.0,,,,,0.03659352660179138,50.0,beauty_salon
313,15,2.0,,,,,0.14093662798404694,16.0,arena/performance
314,15,2.0,,,,,0.12735393643379211,85.0,catacomb
315,15,2.0,,,,,0.09069887548685074,191.0,igloo
316,15,2.0,,,,,0.08372370153665543,235.0,movie_theater/indoor
317,15,2.0,,,,,0.0743541345000267,167.0,grotto
318,16,0.0,,,,,0.09273996204137802,196.0,jail_cell
319,16,0.0,,,,,0.09034695476293564,85.0,catacomb
320,16,0.0,,,,,0.08603349328041077,235.0,movie_theater/indoor
321,16,0.0,,,,,0.04123682901263237,177.0,home_theater
322,16,0.0,,,,,0.0402989462018013,131.0,elevator_shaft
323,16,1.0,,,,,0.09273996204137802,196.0,jail_cell
324,16,1.0,,,,,0.09034695476293564,85.0,catacomb
325,16,1.0,,,,,0.08603349328041077,235.0,movie_theater/indoor
326,16,1.0,,,,,0.04123682901263237,177.0,home_theater
327,16,1.0,,,,,0.0402989462018013,131.0,elevator_shaft
328,16,2.0,108.43385314941406,113.44725036621094,127.1886215209961,120.20880126953125,0.7504351139068604,27.0,tie
329,16,2.0,50.29708480834961,24.982234954833984,171.6880340576172,119.98633575439453,0.5702164173126221,0.0,person
330,16,2.0,,,,,0.34786054491996765,235.0,movie_theater/indoor
331,16,2.0,,,,,0.2798835039138794,177.0,home_theater
332,16,2.0,,,,,0.024113906547427177,236.0,museum/indoor
333,16,2.0,,,,,0.02312723733484745,101.0,conference_center
334,16,2.0,,,,,0.018140610307455063,19.0,art_gallery
335,16,3.0,54.557044982910156,54.43193054199219,68.04700469970703,100.16477966308594,0.8247780799865723,0.0,person
336,16,3.0,37.98221206665039,50.870513916015625,55.074668884277344,103.44309997558594,0.7900074124336243,0.0,person
337,16,3.0,68.56591796875,54.02458190917969,82.49254608154297,111.80329895019531,0.46564915776252747,0.0,person
338,16,3.0,30.312925338745117,58.7681884765625,39.15682601928711,91.45445251464844,0.34413695335388184,0.0,person
339,16,3.0,,,,,0.35879769921302795,235.0,movie_theater/indoor
340,16,3.0,,,,,0.199941486120224,177.0,home_theater
341,16,3.0,,,,,0.023621033877134323,16.0,arena/performance
342,16,3.0,,,,,0.020502572879195213,27.0,auditorium
343,16,3.0,,,,,0.02042347751557827,35.0,ballroom
344,17,0.0,,,,,0.11693189293146133,85.0,catacomb
345,17,0.0,,,,,0.08627108484506607,235.0,movie_theater/indoor
346,17,0.0,,,,,0.05139616131782532,315.0,stage/indoor
347,17,0.0,,,,,0.02657669596374035,177.0,home_theater
348,17,0.0,,,,,0.0183821152895689,16.0,arena/performance
349,17,1.0,,,,,0.11693189293146133,85.0,catacomb
350,17,1.0,,,,,0.08627108484506607,235.0,movie_theater/indoor
351,17,1.0,,,,,0.05139616131782532,315.0,stage/indoor
352,17,1.0,,,,,0.02657669596374035,177.0,home_theater
353,17,1.0,,,,,0.0183821152895689,16.0,arena/performance
354,17,2.0,74.29505920410156,24.998716354370117,168.2337646484375,119.95038604736328,0.8238542675971985,0.0,person
355,17,2.0,105.37332916259766,111.70872497558594,127.84197235107422,120.25064849853516,0.7396017909049988,27.0,tie
356,17,2.0,,,,,0.30632948875427246,235.0,movie_theater/indoor
357,17,2.0,,,,,0.23932825028896332,177.0,home_theater
358,17,2.0,,,,,0.03939634561538696,236.0,museum/indoor
359,17,2.0,,,,,0.02651757374405861,85.0,catacomb
360,17,2.0,,,,,0.0223622377961874,101.0,conference_center
361,18,0.0,,,,,0.08610483258962631,235.0,movie_theater/indoor
362,18,0.0,,,,,0.07550657540559769,131.0,elevator_shaft
363,18,0.0,,,,,0.061400819569826126,177.0,home_theater
364,18,0.0,,,,,0.03860966116189957,196.0,jail_cell
365,18,0.0,,,,,0.023997463285923004,297.0,science_museum
366,18,1.0,,,,,0.08610483258962631,235.0,movie_theater/indoor
367,18,1.0,,,,,0.07550657540559769,131.0,elevator_shaft
368,18,1.0,,,,,0.061400819569826126,177.0,home_theater
369,18,1.0,,,,,0.03860966116189957,196.0,jail_cell
370,18,1.0,,,,,0.023997463285923004,297.0,science_museum
371,18,2.0,,,,,0.20048709213733673,235.0,movie_theater/indoor
372,18,2.0,,,,,0.0973159521818161,177.0,home_theater
373,18,2.0,,,,,0.05370516702532768,85.0,catacomb
374,18,2.0,,,,,0.03541997820138931,41.0,barndoor
375,18,2.0,,,,,0.03482019901275635,131.0,elevator_shaft
376,18,3.0,,,,,0.12247872352600098,85.0,catacomb
377,18,3.0,,,,,0.09222838282585144,235.0,movie_theater/indoor
378,18,3.0,,,,,0.08484427630901337,177.0,home_theater
379,18,3.0,,,,,0.042959362268447876,131.0,elevator_shaft
380,18,3.0,,,,,0.0300320815294981,16.0,arena/performance
381,19,0.0,,,,,0.20946034789085388,131.0,elevator_shaft
382,19,0.0,,,,,0.1053171455860138,235.0,movie_theater/indoor
383,19,0.0,,,,,0.1041770651936531,177.0,home_theater
384,19,0.0,,,,,0.10281118005514145,320.0,subway_station/platform
385,19,0.0,,,,,0.06434734910726547,337.0,train_station/platform
386,19,1.0,,,,,0.20946034789085388,131.0,elevator_shaft
387,19,1.0,,,,,0.1053171455860138,235.0,movie_theater/indoor
388,19,1.0,,,,,0.1041770651936531,177.0,home_theater
389,19,1.0,,,,,0.10281118005514145,320.0,subway_station/platform
390,19,1.0,,,,,0.06434734910726547,337.0,train_station/platform
391,19,2.0,15.320557594299316,31.79399299621582,96.0162124633789,115.41546630859375,0.722014844417572,0.0,person
392,19,2.0,,,,,0.10276274383068085,316.0,stage/outdoor
393,19,2.0,,,,,0.08659137040376663,158.0,gas_station
394,19,2.0,,,,,0.07702881097793579,250.0,orchestra_pit
395,19,2.0,,,,,0.06723303347826004,320.0,subway_station/platform
396,19,2.0,,,,,0.054343268275260925,329.0,television_studio
397,19,3.0,38.87515640258789,24.745532989501953,129.65061950683594,119.22985076904297,0.8700610399246216,0.0,person
398,19,3.0,,,,,0.2335333675146103,235.0,movie_theater/indoor
399,19,3.0,,,,,0.1328912079334259,177.0,home_theater
400,19,3.0,,,,,0.10719319432973862,320.0,subway_station/platform
401,19,3.0,,,,,0.10122912377119064,16.0,arena/performance
402,19,3.0,,,,,0.055769309401512146,316.0,stage/outdoor
403,20,0.0,92.35414123535156,64.39051818847656,107.18759155273438,85.41967010498047,0.4991737902164459,67.0,cell phone
404,20,0.0,34.79119110107422,25.037656784057617,119.74000549316406,112.31737518310547,0.3633303940296173,0.0,person
405,20,0.0,,,,,0.21384797990322113,177.0,home_theater
406,20,0.0,,,,,0.11196848005056381,235.0,movie_theater/indoor
407,20,0.0,,,,,0.03646166995167732,130.0,elevator_lobby
408,20,0.0,,,,,0.03590548783540726,329.0,television_studio
409,20,0.0,,,,,0.03556571528315544,37.0,bank_vault
410,20,1.0,92.35414123535156,64.39051818847656,107.18759155273438,85.41967010498047,0.4991737902164459,67.0,cell phone
411,20,1.0,34.79119110107422,25.037656784057617,119.74000549316406,112.31737518310547,0.3633303940296173,0.0,person
412,20,1.0,,,,,0.21384797990322113,177.0,home_theater
413,20,1.0,,,,,0.11196848005056381,235.0,movie_theater/indoor
414,20,1.0,,,,,0.03646166995167732,130.0,elevator_lobby
415,20,1.0,,,,,0.03590548783540726,329.0,television_studio
416,20,1.0,,,,,0.03556571528315544,37.0,bank_vault
417,20,2.0,2.7491984367370605,24.740018844604492,124.59874725341797,118.62884521484375,0.890635073184967,0.0,person
418,20,2.0,0.4652080535888672,49.571861267089844,48.440834045410156,114.61165618896484,0.4130980968475342,6.0,train
419,20,2.0,61.6978874206543,99.73043823242188,81.20281219482422,112.75868225097656,0.27256953716278076,27.0,tie
420,20,2.0,,,,,0.18479400873184204,177.0,home_theater
421,20,2.0,,,,,0.05997312441468239,235.0,movie_theater/indoor
422,20,2.0,,,,,0.058734383434057236,37.0,bank_vault
423,20,2.0,,,,,0.056410014629364014,285.0,restaurant_kitchen
424,20,2.0,,,,,0.042704712599515915,196.0,jail_cell
425,21,0.0,,,,,0.18718798458576202,177.0,home_theater
426,21,0.0,,,,,0.1472259759902954,9.0,aquarium
427,21,0.0,,,,,0.13149574398994446,16.0,arena/performance
428,21,0.0,,,,,0.092073954641819,235.0,movie_theater/indoor
429,21,0.0,,,,,0.03825102373957634,329.0,television_studio
430,21,1.0,,,,,0.18718798458576202,177.0,home_theater
431,21,1.0,,,,,0.1472259759902954,9.0,aquarium
432,21,1.0,,,,,0.13149574398994446,16.0,arena/performance
433,21,1.0,,,,,0.092073954641819,235.0,movie_theater/indoor
434,21,1.0,,,,,0.03825102373957634,329.0,television_studio
435,21,2.0,0.0,35.709354400634766,36.158302307128906,119.09307861328125,0.4435114860534668,72.0,refrigerator
436,21,2.0,35.381080627441406,31.732141494750977,113.63987731933594,118.8277587890625,0.2546480596065521,0.0,person
437,21,2.0,,,,,0.4031585156917572,177.0,home_theater
438,21,2.0,,,,,0.23665457963943481,235.0,movie_theater/indoor
439,21,2.0,,,,,0.06888525187969208,329.0,television_studio
440,21,2.0,,,,,0.02495991438627243,297.0,science_museum
441,21,2.0,,,,,0.024479970335960388,16.0,arena/performance
442,21,3.0,47.426719665527344,85.68072509765625,67.82257843017578,116.05884552001953,0.2904159724712372,75.0,vase
443,21,3.0,,,,,0.050624337047338486,196.0,jail_cell
444,21,3.0,,,,,0.03526976704597473,235.0,movie_theater/indoor
445,21,3.0,,,,,0.033058833330869675,297.0,science_museum
446,21,3.0,,,,,0.03234332799911499,177.0,home_theater
447,21,3.0,,,,,0.02562386728823185,131.0,elevator_shaft
448,22,0.0,47.65797805786133,24.74582290649414,131.4368896484375,119.26274871826172,0.8387140035629272,0.0,person
449,22,0.0,65.557861328125,84.45105743408203,79.90269470214844,119.81958770751953,0.8113155364990234,27.0,tie
450,22,0.0,,,,,0.105986088514328,329.0,television_studio
451,22,0.0,,,,,0.08339238166809082,235.0,movie_theater/indoor
452,22,0.0,,,,,0.0814620777964592,101.0,conference_center
453,22,0.0,,,,,0.07838032394647598,196.0,jail_cell
454,22,0.0,,,,,0.0625733733177185,16.0,arena/performance
455,22,1.0,47.65797805786133,24.74582290649414,131.4368896484375,119.26274871826172,0.8387140035629272,0.0,person
456,22,1.0,65.557861328125,84.45105743408203,79.90269470214844,119.81958770751953,0.8113155364990234,27.0,tie
457,22,1.0,,,,,0.105986088514328,329.0,television_studio
458,22,1.0,,,,,0.08339238166809082,235.0,movie_theater/indoor
459,22,1.0,,,,,0.0814620777964592,101.0,conference_center
460,22,1.0,,,,,0.07838032394647598,196.0,jail_cell
461,22,1.0,,,,,0.0625733733177185,16.0,arena/performance
462,22,2.0,28.463258743286133,24.70294189453125,135.65538024902344,119.4856185913086,0.9309802055358887,0.0,person
463,22,2.0,67.89573669433594,80.4637222290039,81.96118927001953,119.73385620117188,0.8399814963340759,27.0,tie
464,22,2.0,,,,,0.24877315759658813,235.0,movie_theater/indoor
465,22,2.0,,,,,0.17185339331626892,177.0,home_theater
466,22,2.0,,,,,0.08525194972753525,16.0,arena/performance
467,22,2.0,,,,,0.08435288071632385,101.0,conference_center
468,22,2.0,,,,,0.05503523722290993,329.0,television_studio
469,23,0.0,100.5658187866211,48.67438888549805,142.6066131591797,94.53700256347656,0.32482433319091797,0.0,person
470,23,0.0,156.5218048095703,47.61161422729492,160.15386962890625,56.25791549682617,0.2779306173324585,0.0,person
471,23,0.0,0.23145216703414917,24.28704071044922,46.072669982910156,64.6678695678711,0.25558486580848694,66.0,keyboard
472,23,0.0,,,,,0.06438480317592621,16.0,arena/performance
473,23,0.0,,,,,0.05720537155866623,177.0,home_theater
474,23,0.0,,,,,0.04437180235981941,297.0,science_museum
475,23,0.0,,,,,0.038007110357284546,235.0,movie_theater/indoor
476,23,0.0,,,,,0.025509418919682503,2.0,airport_terminal
477,23,1.0,100.5658187866211,48.67438888549805,142.6066131591797,94.53700256347656,0.32482433319091797,0.0,person
478,23,1.0,156.5218048095703,47.61161422729492,160.15386962890625,56.25791549682617,0.2779306173324585,0.0,person
479,23,1.0,0.23145216703414917,24.28704071044922,46.072669982910156,64.6678695678711,0.25558486580848694,66.0,keyboard
480,23,1.0,,,,,0.06438480317592621,16.0,arena/performance
481,23,1.0,,,,,0.05720537155866623,177.0,home_theater
482,23,1.0,,,,,0.04437180235981941,297.0,science_museum
483,23,1.0,,,,,0.038007110357284546,235.0,movie_theater/indoor
484,23,1.0,,,,,0.025509418919682503,2.0,airport_terminal
485,23,2.0,,,,,0.1639447659254074,16.0,arena/performance
486,23,2.0,,,,,0.12488768994808197,177.0,home_theater
487,23,2.0,,,,,0.11895337700843811,154.0,fountain
488,23,2.0,,,,,0.10265057533979416,235.0,movie_theater/indoor
489,23,2.0,,,,,0.03763824328780174,61.0,booth/indoor
490,23,3.0,79.569091796875,25.843862533569336,162.2530059814453,118.84526824951172,0.47963446378707886,0.0,person
491,23,3.0,3.0092685222625732,50.773929595947266,85.9947509765625,118.45108795166016,0.2602255642414093,69.0,oven
492,23,3.0,73.2601547241211,44.0531120300293,107.99729919433594,119.29290008544922,0.25534680485725403,0.0,person
493,23,3.0,,,,,0.13856913149356842,177.0,home_theater
494,23,3.0,,,,,0.10642433166503906,16.0,arena/performance
495,23,3.0,,,,,0.09636595100164413,235.0,movie_theater/indoor
496,23,3.0,,,,,0.060299329459667206,316.0,stage/outdoor
497,23,3.0,,,,,0.058946944773197174,329.0,television_studio
498,24,0.0,,,,,0.11718124896287918,235.0,movie_theater/indoor
499,24,0.0,,,,,0.09650306403636932,177.0,home_theater
500,24,0.0,,,,,0.06930487602949142,16.0,arena/performance
501,24,0.0,,,,,0.0433054119348526,316.0,stage/outdoor
502,24,0.0,,,,,0.030069300904870033,329.0,television_studio
503,24,1.0,,,,,0.11718124896287918,235.0,movie_theater/indoor
504,24,1.0,,,,,0.09650306403636932,177.0,home_theater
505,24,1.0,,,,,0.06930487602949142,16.0,arena/performance
506,24,1.0,,,,,0.0433054119348526,316.0,stage/outdoor
507,24,1.0,,,,,0.030069300904870033,329.0,television_studio
508,24,2.0,,,,,0.2535688579082489,177.0,home_theater
509,24,2.0,,,,,0.2223571538925171,235.0,movie_theater/indoor
510,24,2.0,,,,,0.06459241360425949,16.0,arena/performance
511,24,2.0,,,,,0.060770340263843536,27.0,auditorium
512,24,2.0,,,,,0.0456397570669651,101.0,conference_center
513,24,3.0,47.073974609375,26.847564697265625,113.68746948242188,120.00839233398438,0.9138492345809937,0.0,person
514,24,3.0,,,,,0.23126783967018127,177.0,home_theater
515,24,3.0,,,,,0.09924495965242386,320.0,subway_station/platform
516,24,3.0,,,,,0.04082999750971794,235.0,movie_theater/indoor
517,24,3.0,,,,,0.03803572058677673,106.0,corridor
518,24,3.0,,,,,0.024907682090997696,50.0,beauty_salon
519,25,0.0,,,,,0.11944861710071564,177.0,home_theater
520,25,0.0,,,,,0.08851299434900284,235.0,movie_theater/indoor
521,25,0.0,,,,,0.0459972508251667,285.0,restaurant_kitchen
522,25,0.0,,,,,0.02821444161236286,131.0,elevator_shaft
523,25,0.0,,,,,0.024847185239195824,1.0,airplane_cabin
524,25,1.0,,,,,0.11944861710071564,177.0,home_theater
525,25,1.0,,,,,0.08851299434900284,235.0,movie_theater/indoor
526,25,1.0,,,,,0.0459972508251667,285.0,restaurant_kitchen
527,25,1.0,,,,,0.02821444161236286,131.0,elevator_shaft
528,25,1.0,,,,,0.024847185239195824,1.0,airplane_cabin
529,25,2.0,50.45169448852539,24.324615478515625,175.53099060058594,120.68568420410156,0.9300723671913147,0.0,person
530,25,2.0,114.16454315185547,107.24402618408203,127.02681732177734,120.15219116210938,0.8120923638343811,27.0,tie
531,25,2.0,,,,,0.115804523229599,177.0,home_theater
532,25,2.0,,,,,0.0913185402750969,101.0,conference_center
533,25,2.0,,,,,0.07496321946382523,235.0,movie_theater/indoor
534,25,2.0,,,,,0.06639758497476578,196.0,jail_cell
535,25,2.0,,,,,0.05372099205851555,1.0,airplane_cabin
536,26,0.0,,,,,0.18598441779613495,1.0,airplane_cabin
537,26,0.0,,,,,0.1453884243965149,336.0,train_interior
538,26,0.0,,,,,0.08692168444395065,70.0,bus_interior
539,26,0.0,,,,,0.07592137902975082,98.0,cockpit
540,26,0.0,,,,,0.037951111793518066,131.0,elevator_shaft
541,26,1.0,,,,,0.18598441779613495,1.0,airplane_cabin
542,26,1.0,,,,,0.1453884243965149,336.0,train_interior
543,26,1.0,,,,,0.08692168444395065,70.0,bus_interior
544,26,1.0,,,,,0.07592137902975082,98.0,cockpit
545,26,1.0,,,,,0.037951111793518066,131.0,elevator_shaft
546,26,2.0,46.07707595825195,23.973438262939453,107.37674713134766,116.27058410644531,0.264322966337204,0.0,person
547,26,2.0,,,,,0.11046935617923737,235.0,movie_theater/indoor
548,26,2.0,,,,,0.082427978515625,1.0,airplane_cabin
549,26,2.0,,,,,0.05431948974728584,177.0,home_theater
550,26,2.0,,,,,0.053217824548482895,16.0,arena/performance
551,26,2.0,,,,,0.03881183639168739,131.0,elevator_shaft
552,26,3.0,126.70196533203125,55.93815994262695,160.05917358398438,118.18798065185547,0.685964047908783,0.0,person
553,26,3.0,15.483943939208984,57.29600524902344,54.55825424194336,119.47924041748047,0.6377702951431274,0.0,person
554,26,3.0,35.52882766723633,87.47592163085938,48.81571960449219,119.90581512451172,0.5013874769210815,27.0,tie
555,26,3.0,15.864104270935059,30.71245574951172,97.43929290771484,119.55622863769531,0.48888227343559265,0.0,person
556,26,3.0,86.13127136230469,64.38521575927734,151.3458251953125,119.5455551147461,0.2691560983657837,0.0,person
557,26,3.0,,,,,0.6690165400505066,16.0,arena/performance
558,26,3.0,,,,,0.13704273104667664,235.0,movie_theater/indoor
559,26,3.0,,,,,0.07977410405874252,177.0,home_theater
560,26,3.0,,,,,0.023154783993959427,315.0,stage/indoor
561,26,3.0,,,,,0.01779009774327278,27.0,auditorium
562,27,0.0,,,,,0.5168671607971191,177.0,home_theater
563,27,0.0,,,,,0.4490945041179657,235.0,movie_theater/indoor
564,27,0.0,,,,,0.005001475103199482,101.0,conference_center
565,27,0.0,,,,,0.004641728941351175,27.0,auditorium
566,27,0.0,,,,,0.003947278019040823,328.0,television_room
567,27,1.0,,,,,0.5168671607971191,177.0,home_theater
568,27,1.0,,,,,0.4490945041179657,235.0,movie_theater/indoor
569,27,1.0,,,,,0.005001475103199482,101.0,conference_center
570,27,1.0,,,,,0.004641728941351175,27.0,auditorium
571,27,1.0,,,,,0.003947278019040823,328.0,television_room
572,27,2.0,,,,,0.35657864809036255,177.0,home_theater
573,27,2.0,,,,,0.2635738253593445,235.0,movie_theater/indoor
574,27,2.0,,,,,0.24020880460739136,9.0,aquarium
575,27,2.0,,,,,0.052966274321079254,16.0,arena/performance
576,27,2.0,,,,,0.01520090363919735,27.0,auditorium
577,27,3.0,,,,,0.40939727425575256,9.0,aquarium
578,27,3.0,,,,,0.2616494297981262,177.0,home_theater
579,27,3.0,,,,,0.10978928953409195,235.0,movie_theater/indoor
580,27,3.0,,,,,0.030209539458155632,16.0,arena/performance
581,27,3.0,,,,,0.019119992852211,261.0,pet_shop
582,27,4.0,68.77957916259766,32.65225601196289,136.13021850585938,119.41057586669922,0.8789703845977783,0.0,person
583,27,4.0,8.554923057556152,31.23195457458496,74.10720825195312,119.39620208740234,0.8440284729003906,0.0,person
584,27,4.0,,,,,0.271247535943985,177.0,home_theater
585,27,4.0,,,,,0.170248344540596,235.0,movie_theater/indoor
586,27,4.0,,,,,0.14660362899303436,16.0,arena/performance
587,27,4.0,,,,,0.10122449696063995,329.0,television_studio
588,27,4.0,,,,,0.019906848669052124,64.0,bowling_alley
589,28,0.0,,,,,0.0692838504910469,235.0,movie_theater/indoor
590,28,0.0,,,,,0.06840904802083969,85.0,catacomb
591,28,0.0,,,,,0.025179389864206314,315.0,stage/indoor
592,28,0.0,,,,,0.022624924778938293,177.0,home_theater
593,28,0.0,,,,,0.021464496850967407,43.0,basement
594,28,1.0,,,,,0.0692838504910469,235.0,movie_theater/indoor
595,28,1.0,,,,,0.06840904802083969,85.0,catacomb
596,28,1.0,,,,,0.025179389864206314,315.0,stage/indoor
597,28,1.0,,,,,0.022624924778938293,177.0,home_theater
598,28,1.0,,,,,0.021464496850967407,43.0,basement
599,28,2.0,,,,,0.08259504288434982,238.0,music_studio
600,28,2.0,,,,,0.06971821933984756,176.0,home_office
601,28,2.0,,,,,0.04244915023446083,250.0,orchestra_pit
602,28,2.0,,,,,0.04033461585640907,298.0,server_room
603,28,2.0,,,,,0.036788810044527054,177.0,home_theater
604,29,0.0,91.36429595947266,24.387226104736328,175.43389892578125,108.71952819824219,0.29380500316619873,0.0,person
605,29,0.0,0.13270482420921326,71.95558166503906,31.6639404296875,119.2959976196289,0.28342729806900024,0.0,person
606,29,0.0,,,,,0.059218648821115494,329.0,television_studio
607,29,0.0,,,,,0.04916731268167496,50.0,beauty_salon
608,29,0.0,,,,,0.044463127851486206,177.0,home_theater
609,29,0.0,,,,,0.03508709371089935,16.0,arena/performance
610,29,0.0,,,,,0.03288281336426735,235.0,movie_theater/indoor
611,29,1.0,91.36429595947266,24.387226104736328,175.43389892578125,108.71952819824219,0.29380500316619873,0.0,person
612,29,1.0,0.13270482420921326,71.95558166503906,31.6639404296875,119.2959976196289,0.28342729806900024,0.0,person
613,29,1.0,,,,,0.059218648821115494,329.0,television_studio
614,29,1.0,,,,,0.04916731268167496,50.0,beauty_salon
615,29,1.0,,,,,0.044463127851486206,177.0,home_theater
616,29,1.0,,,,,0.03508709371089935,16.0,arena/performance
617,29,1.0,,,,,0.03288281336426735,235.0,movie_theater/indoor
618,29,2.0,0.2583789825439453,25.324356079101562,68.94771575927734,119.65255737304688,0.903964638710022,0.0,person
619,29,2.0,81.03411865234375,24.83098793029785,175.5219268798828,140.45901489257812,0.7808419466018677,0.0,person
620,29,2.0,,,,,0.06393620371818542,50.0,beauty_salon
621,29,2.0,,,,,0.051751840859651566,329.0,television_studio
622,29,2.0,,,,,0.03452110290527344,235.0,movie_theater/indoor
623,29,2.0,,,,,0.034105487167835236,177.0,home_theater
624,29,2.0,,,,,0.02832520753145218,16.0,arena/performance
625,30,0.0,,,,,0.5206221342086792,235.0,movie_theater/indoor
626,30,0.0,,,,,0.4263262450695038,177.0,home_theater
627,30,0.0,,,,,0.008854130282998085,27.0,auditorium
628,30,0.0,,,,,0.006963505409657955,101.0,conference_center
629,30,0.0,,,,,0.004700998309999704,328.0,television_room
630,30,1.0,,,,,0.5206221342086792,235.0,movie_theater/indoor
631,30,1.0,,,,,0.4263262450695038,177.0,home_theater
632,30,1.0,,,,,0.008854130282998085,27.0,auditorium
633,30,1.0,,,,,0.006963505409657955,101.0,conference_center
634,30,1.0,,,,,0.004700998309999704,328.0,television_room
635,30,2.0,15.530084609985352,24.25656509399414,106.11103820800781,118.58214569091797,0.7563785910606384,0.0,person
636,30,2.0,,,,,0.28126999735832214,177.0,home_theater
637,30,2.0,,,,,0.1656860113143921,167.0,grotto
638,30,2.0,,,,,0.16042888164520264,235.0,movie_theater/indoor
639,30,2.0,,,,,0.043234601616859436,85.0,catacomb
640,30,2.0,,,,,0.032024726271629333,9.0,aquarium
641,30,3.0,127.71922302246094,53.91136932373047,135.08212280273438,70.11080932617188,0.45368894934654236,0.0,person
642,30,3.0,48.1018180847168,71.58223724365234,73.74262237548828,98.77312469482422,0.39652544260025024,28.0,suitcase
643,30,3.0,89.88809967041016,79.20734405517578,113.1241683959961,92.01095581054688,0.3625025451183319,28.0,suitcase
644,30,3.0,135.85511779785156,60.23862075805664,144.7164764404297,80.11827850341797,0.2771598696708679,0.0,person
645,30,3.0,139.80862426757812,56.74546432495117,146.41329956054688,63.22303009033203,0.27055028080940247,0.0,person
646,30,3.0,,,,,0.06104781851172447,316.0,stage/outdoor
647,30,3.0,,,,,0.0336441732943058,235.0,movie_theater/indoor
648,30,3.0,,,,,0.02681943215429783,54.0,beer_hall
649,30,3.0,,,,,0.02463303878903389,85.0,catacomb
650,30,3.0,,,,,0.02088068053126335,16.0,arena/performance
651,30,4.0,64.51161193847656,28.05816078186035,117.33502197265625,63.29159927368164,0.7733070850372314,62.0,tv
652,30,4.0,,,,,0.044228993356227875,329.0,television_studio
653,30,4.0,,,,,0.03909971937537193,235.0,movie_theater/indoor
654,30,4.0,,,,,0.03469998016953468,177.0,home_theater
655,30,4.0,,,,,0.027395624667406082,322.0,sushi_bar
656,30,4.0,,,,,0.02139345556497574,250.0,orchestra_pit
657,31,0.0,,,,,0.1732417494058609,4.0,alley
658,31,0.0,,,,,0.10651873052120209,131.0,elevator_shaft
659,31,0.0,,,,,0.052293650805950165,227.0,medina
660,31,0.0,,,,,0.03166336193680763,196.0,jail_cell
661,31,0.0,,,,,0.026109037920832634,181.0,hotel/outdoor
662,31,1.0,,,,,0.1732417494058609,4.0,alley
663,31,1.0,,,,,0.10651873052120209,131.0,elevator_shaft
664,31,1.0,,,,,0.052293650805950165,227.0,medina
665,31,1.0,,,,,0.03166336193680763,196.0,jail_cell
666,31,1.0,,,,,0.026109037920832634,181.0,hotel/outdoor
667,31,2.0,,,,,0.26214295625686646,285.0,restaurant_kitchen
668,31,2.0,,,,,0.038036324083805084,177.0,home_theater
669,31,2.0,,,,,0.03685200959444046,155.0,galley
670,31,2.0,,,,,0.0328725203871727,203.0,kitchen
671,31,2.0,,,,,0.027709010988473892,235.0,movie_theater/indoor
672,32,0.0,,,,,0.10185035318136215,235.0,movie_theater/indoor
673,32,0.0,,,,,0.07635073363780975,177.0,home_theater
674,32,0.0,,,,,0.04965986683964729,297.0,science_museum
675,32,0.0,,,,,0.04031485691666603,16.0,arena/performance
676,32,0.0,,,,,0.03195573389530182,9.0,aquarium
677,32,1.0,,,,,0.10185035318136215,235.0,movie_theater/indoor
678,32,1.0,,,,,0.07635073363780975,177.0,home_theater
679,32,1.0,,,,,0.04965986683964729,297.0,science_museum
680,32,1.0,,,,,0.04031485691666603,16.0,arena/performance
681,32,1.0,,,,,0.03195573389530182,9.0,aquarium
682,32,2.0,43.212589263916016,30.917003631591797,105.04731750488281,119.35436248779297,0.3858153522014618,0.0,person
683,32,2.0,,,,,0.27012938261032104,235.0,movie_theater/indoor
684,32,2.0,,,,,0.09376214444637299,85.0,catacomb
685,32,2.0,,,,,0.07363814115524292,315.0,stage/indoor
686,32,2.0,,,,,0.0656573474407196,16.0,arena/performance
687,32,2.0,,,,,0.05909107252955437,177.0,home_theater
688,33,0.0,,,,,0.4211723804473877,177.0,home_theater
689,33,0.0,,,,,0.4151998460292816,235.0,movie_theater/indoor
690,33,0.0,,,,,0.014817295596003532,27.0,auditorium
691,33,0.0,,,,,0.010548078455030918,16.0,arena/performance
692,33,0.0,,,,,0.009279167279601097,9.0,aquarium
693,33,1.0,,,,,0.4211723804473877,177.0,home_theater
694,33,1.0,,,,,0.4151998460292816,235.0,movie_theater/indoor
695,33,1.0,,,,,0.014817295596003532,27.0,auditorium
696,33,1.0,,,,,0.010548078455030918,16.0,arena/performance
697,33,1.0,,,,,0.009279167279601097,9.0,aquarium
698,33,2.0,,,,,0.6262187361717224,177.0,home_theater
699,33,2.0,,,,,0.2136262208223343,235.0,movie_theater/indoor
700,33,2.0,,,,,0.11385338008403778,9.0,aquarium
701,33,2.0,,,,,0.0068230708129704,16.0,arena/performance
702,33,2.0,,,,,0.0062714386731386185,297.0,science_museum
703,33,3.0,0.21496543288230896,47.97849655151367,49.39874267578125,118.87470245361328,0.7313247919082642,0.0,person
704,33,3.0,47.045406341552734,31.970703125,104.75122833251953,119.12620544433594,0.5106326937675476,0.0,person
705,33,3.0,89.27262115478516,24.532724380493164,173.99415588378906,118.89566802978516,0.4497721493244171,0.0,person
706,33,3.0,,,,,0.28739133477211,177.0,home_theater
707,33,3.0,,,,,0.2783808708190918,235.0,movie_theater/indoor
708,33,3.0,,,,,0.11841198801994324,16.0,arena/performance
709,33,3.0,,,,,0.050230007618665695,329.0,television_studio
710,33,3.0,,,,,0.026530563831329346,27.0,auditorium
711,34,0.0,80.59869384765625,48.130393981933594,120.80514526367188,117.39007568359375,0.5021389126777649,0.0,person
712,34,0.0,0.318281352519989,104.83956146240234,23.236371994018555,120.12186431884766,0.27295640110969543,0.0,person
713,34,0.0,,,,,0.18237972259521484,177.0,home_theater
714,34,0.0,,,,,0.08626238256692886,297.0,science_museum
715,34,0.0,,,,,0.07952632755041122,235.0,movie_theater/indoor
716,34,0.0,,,,,0.04921090602874756,329.0,television_studio
717,34,0.0,,,,,0.04771222174167633,239.0,natural_history_museum
718,34,1.0,80.59869384765625,48.130393981933594,120.80514526367188,117.39007568359375,0.5021389126777649,0.0,person
719,34,1.0,0.318281352519989,104.83956146240234,23.236371994018555,120.12186431884766,0.27295640110969543,0.0,person
720,34,1.0,,,,,0.18237972259521484,177.0,home_theater
721,34,1.0,,,,,0.08626238256692886,297.0,science_museum
722,34,1.0,,,,,0.07952632755041122,235.0,movie_theater/indoor
723,34,1.0,,,,,0.04921090602874756,329.0,television_studio
724,34,1.0,,,,,0.04771222174167633,239.0,natural_history_museum
725,34,2.0,64.6550521850586,58.07844924926758,122.98403930664062,119.90260314941406,0.2995121479034424,0.0,person
726,34,2.0,,,,,0.3541371822357178,16.0,arena/performance
727,34,2.0,,,,,0.2626839578151703,235.0,movie_theater/indoor
728,34,2.0,,,,,0.08977897465229034,177.0,home_theater
729,34,2.0,,,,,0.05398044362664223,9.0,aquarium
730,34,2.0,,,,,0.02897430583834648,315.0,stage/indoor
731,35,0.0,,,,,0.5850527882575989,177.0,home_theater
732,35,0.0,,,,,0.401636004447937,235.0,movie_theater/indoor
733,35,0.0,,,,,0.004819378722459078,16.0,arena/performance
734,35,0.0,,,,,0.004013001918792725,27.0,auditorium
735,35,0.0,,,,,0.0012979510938748717,328.0,television_room
736,35,1.0,,,,,0.5850527882575989,177.0,home_theater
737,35,1.0,,,,,0.401636004447937,235.0,movie_theater/indoor
738,35,1.0,,,,,0.004819378722459078,16.0,arena/performance
739,35,1.0,,,,,0.004013001918792725,27.0,auditorium
740,35,1.0,,,,,0.0012979510938748717,328.0,television_room
741,35,2.0,,,,,0.275103896856308,177.0,home_theater
742,35,2.0,,,,,0.15346777439117432,235.0,movie_theater/indoor
743,35,2.0,,,,,0.05492357909679413,329.0,television_studio
744,35,2.0,,,,,0.04970258101820946,191.0,igloo
745,35,2.0,,,,,0.03760369494557381,16.0,arena/performance
746,35,3.0,91.35262298583984,41.07099151611328,147.6408233642578,120.28812408447266,0.6194822788238525,0.0,person
747,35,3.0,,,,,0.1411985456943512,177.0,home_theater
748,35,3.0,,,,,0.11516950279474258,235.0,movie_theater/indoor
749,35,3.0,,,,,0.0720394179224968,16.0,arena/performance
750,35,3.0,,,,,0.044931020587682724,9.0,aquarium
751,35,3.0,,,,,0.040361881256103516,190.0,iceberg
752,36,0.0,,,,,0.5967631340026855,177.0,home_theater
753,36,0.0,,,,,0.3473188877105713,235.0,movie_theater/indoor
754,36,0.0,,,,,0.006166236475110054,101.0,conference_center
755,36,0.0,,,,,0.005344826262444258,27.0,auditorium
756,36,0.0,,,,,0.004637965466827154,328.0,television_room
757,36,1.0,,,,,0.5967631340026855,177.0,home_theater
758,36,1.0,,,,,0.3473188877105713,235.0,movie_theater/indoor
759,36,1.0,,,,,0.006166236475110054,101.0,conference_center
760,36,1.0,,,,,0.005344826262444258,27.0,auditorium
761,36,1.0,,,,,0.004637965466827154,328.0,television_room
762,36,2.0,,,,,0.18654440343379974,85.0,catacomb
763,36,2.0,,,,,0.10750918090343475,235.0,movie_theater/indoor
764,36,2.0,,,,,0.06995421648025513,315.0,stage/indoor
765,36,2.0,,,,,0.055731743574142456,131.0,elevator_shaft
766,36,2.0,,,,,0.038443006575107574,9.0,aquarium
767,37,0.0,,,,,0.1815306544303894,235.0,movie_theater/indoor
768,37,0.0,,,,,0.10059946030378342,16.0,arena/performance
769,37,0.0,,,,,0.0894167497754097,177.0,home_theater
770,37,0.0,,,,,0.03670457378029823,329.0,television_studio
771,37,0.0,,,,,0.03264790400862694,303.0,shower
772,37,1.0,,,,,0.1815306544303894,235.0,movie_theater/indoor
773,37,1.0,,,,,0.10059946030378342,16.0,arena/performance
774,37,1.0,,,,,0.0894167497754097,177.0,home_theater
775,37,1.0,,,,,0.03670457378029823,329.0,television_studio
776,37,1.0,,,,,0.03264790400862694,303.0,shower
777,37,2.0,76.23129272460938,31.113496780395508,163.3597412109375,119.3883056640625,0.9275072813034058,0.0,person
778,37,2.0,23.630746841430664,56.96108627319336,47.09432601928711,118.56192016601562,0.8064619898796082,0.0,person
779,37,2.0,60.74009323120117,56.399391174316406,90.40415954589844,117.95779418945312,0.493232786655426,0.0,person
780,37,2.0,,,,,0.2345530241727829,16.0,arena/performance
781,37,2.0,,,,,0.21406519412994385,235.0,movie_theater/indoor
782,37,2.0,,,,,0.09528790414333344,177.0,home_theater
783,37,2.0,,,,,0.049459706991910934,41.0,barndoor
784,37,2.0,,,,,0.04004628211259842,315.0,stage/indoor
785,38,0.0,,,,,0.23087310791015625,177.0,home_theater
786,38,0.0,,,,,0.21124452352523804,320.0,subway_station/platform
787,38,0.0,,,,,0.18820953369140625,235.0,movie_theater/indoor
788,38,0.0,,,,,0.028321566060185432,337.0,train_station/platform
789,38,0.0,,,,,0.01575409807264805,85.0,catacomb
790,38,1.0,,,,,0.23087310791015625,177.0,home_theater
791,38,1.0,,,,,0.21124452352523804,320.0,subway_station/platform
792,38,1.0,,,,,0.18820953369140625,235.0,movie_theater/indoor
793,38,1.0,,,,,0.028321566060185432,337.0,train_station/platform
794,38,1.0,,,,,0.01575409807264805,85.0,catacomb
795,38,2.0,,,,,0.39097991585731506,235.0,movie_theater/indoor
796,38,2.0,,,,,0.140089213848114,177.0,home_theater
797,38,2.0,,,,,0.0680345818400383,9.0,aquarium
798,38,2.0,,,,,0.035507120192050934,27.0,auditorium
799,38,2.0,,,,,0.03389628976583481,85.0,catacomb
800,39,0.0,,,,,0.18230599164962769,235.0,movie_theater/indoor
801,39,0.0,,,,,0.09740545600652695,16.0,arena/performance
802,39,0.0,,,,,0.08598928153514862,177.0,home_theater
803,39,0.0,,,,,0.048909641802310944,207.0,landing_deck
804,39,0.0,,,,,0.032498545944690704,131.0,elevator_shaft
805,39,1.0,,,,,0.18230599164962769,235.0,movie_theater/indoor
806,39,1.0,,,,,0.09740545600652695,16.0,arena/performance
807,39,1.0,,,,,0.08598928153514862,177.0,home_theater
808,39,1.0,,,,,0.048909641802310944,207.0,landing_deck
809,39,1.0,,,,,0.032498545944690704,131.0,elevator_shaft
810,39,2.0,,,,,0.07605129480361938,207.0,landing_deck
811,39,2.0,,,,,0.051934391260147095,9.0,aquarium
812,39,2.0,,,,,0.04880250245332718,235.0,movie_theater/indoor
813,39,2.0,,,,,0.04765145108103752,285.0,restaurant_kitchen
814,39,2.0,,,,,0.04484378546476364,85.0,catacomb
815,39,3.0,,,,,0.13623449206352234,315.0,stage/indoor
816,39,3.0,,,,,0.09736499935388565,16.0,arena/performance
817,39,3.0,,,,,0.08981248736381531,85.0,catacomb
818,39,3.0,,,,,0.043881114572286606,235.0,movie_theater/indoor
819,39,3.0,,,,,0.04141336306929588,361.0,windmill
820,40,0.0,,,,,0.17175230383872986,235.0,movie_theater/indoor
821,40,0.0,,,,,0.12232047319412231,177.0,home_theater
822,40,0.0,,,,,0.04086051136255264,85.0,catacomb
823,40,0.0,,,,,0.029848864302039146,315.0,stage/indoor
824,40,0.0,,,,,0.028722871094942093,131.0,elevator_shaft
825,40,1.0,,,,,0.17175230383872986,235.0,movie_theater/indoor
826,40,1.0,,,,,0.12232047319412231,177.0,home_theater
827,40,1.0,,,,,0.04086051136255264,85.0,catacomb
828,40,1.0,,,,,0.029848864302039146,315.0,stage/indoor
829,40,1.0,,,,,0.028722871094942093,131.0,elevator_shaft
830,40,2.0,64.14404296875,72.7923812866211,81.00424194335938,96.193115234375,0.7528582811355591,3.0,motorcycle
831,40,2.0,,,,,0.3415275812149048,177.0,home_theater
832,40,2.0,,,,,0.18015064299106598,235.0,movie_theater/indoor
833,40,2.0,,,,,0.05401679500937462,207.0,landing_deck
834,40,2.0,,,,,0.04348981752991676,16.0,arena/performance
835,40,2.0,,,,,0.030103979632258415,170.0,hangar/outdoor
836,40,3.0,85.11811065673828,26.779457092285156,174.5534210205078,118.89892578125,0.31329265236854553,0.0,person
837,40,3.0,,,,,0.32405346632003784,16.0,arena/performance
838,40,3.0,,,,,0.27315688133239746,177.0,home_theater
839,40,3.0,,,,,0.1518842875957489,235.0,movie_theater/indoor
840,40,3.0,,,,,0.055712658911943436,329.0,television_studio
841,40,3.0,,,,,0.04962270334362984,9.0,aquarium
842,41,0.0,,,,,0.3470197319984436,177.0,home_theater
843,41,0.0,,,,,0.13211703300476074,235.0,movie_theater/indoor
844,41,0.0,,,,,0.08657656610012054,297.0,science_museum
845,41,0.0,,,,,0.05329536646604538,16.0,arena/performance
846,41,0.0,,,,,0.030575022101402283,61.0,booth/indoor
847,41,1.0,,,,,0.3470197319984436,177.0,home_theater
848,41,1.0,,,,,0.13211703300476074,235.0,movie_theater/indoor
849,41,1.0,,,,,0.08657656610012054,297.0,science_museum
850,41,1.0,,,,,0.05329536646604538,16.0,arena/performance
851,41,1.0,,,,,0.030575022101402283,61.0,booth/indoor
852,41,2.0,25.566221237182617,24.748600006103516,160.5448760986328,119.6787338256836,0.758423388004303,0.0,person
853,41,2.0,,,,,0.3536269962787628,235.0,movie_theater/indoor
854,41,2.0,,,,,0.332949697971344,177.0,home_theater
855,41,2.0,,,,,0.03296293318271637,315.0,stage/indoor
856,41,2.0,,,,,0.025030357763171196,196.0,jail_cell
857,41,2.0,,,,,0.016178730875253677,16.0,arena/performance
858,42,0.0,95.40199279785156,40.99782943725586,128.14697265625,110.78890991210938,0.49391043186187744,0.0,person
859,42,0.0,,,,,0.22901608049869537,177.0,home_theater
860,42,0.0,,,,,0.1776176542043686,235.0,movie_theater/indoor
861,42,0.0,,,,,0.06838692724704742,329.0,television_studio
862,42,0.0,,,,,0.0651458278298378,16.0,arena/performance
863,42,0.0,,,,,0.06329747289419174,9.0,aquarium
864,42,1.0,95.40199279785156,40.99782943725586,128.14697265625,110.78890991210938,0.49391043186187744,0.0,person
865,42,1.0,,,,,0.22901608049869537,177.0,home_theater
866,42,1.0,,,,,0.1776176542043686,235.0,movie_theater/indoor
867,42,1.0,,,,,0.06838692724704742,329.0,television_studio
868,42,1.0,,,,,0.0651458278298378,16.0,arena/performance
869,42,1.0,,,,,0.06329747289419174,9.0,aquarium
870,42,2.0,,,,,0.15871548652648926,235.0,movie_theater/indoor
871,42,2.0,,,,,0.12008155137300491,85.0,catacomb
872,42,2.0,,,,,0.0467308908700943,315.0,stage/indoor
873,42,2.0,,,,,0.042211201041936874,177.0,home_theater
874,42,2.0,,,,,0.02986765280365944,16.0,arena/performance
875,42,3.0,,,,,0.3553999066352844,235.0,movie_theater/indoor
876,42,3.0,,,,,0.11627376824617386,177.0,home_theater
877,42,3.0,,,,,0.05344215780496597,315.0,stage/indoor
878,42,3.0,,,,,0.04487864300608635,16.0,arena/performance
879,42,3.0,,,,,0.02814047783613205,27.0,auditorium
880,43,0.0,,,,,0.5790587663650513,177.0,home_theater
881,43,0.0,,,,,0.3456389307975769,235.0,movie_theater/indoor
882,43,0.0,,,,,0.00682437838986516,328.0,television_room
883,43,0.0,,,,,0.006690685637295246,27.0,auditorium
884,43,0.0,,,,,0.006168376188725233,101.0,conference_center
885,43,1.0,,,,,0.5790587663650513,177.0,home_theater
886,43,1.0,,,,,0.3456389307975769,235.0,movie_theater/indoor
887,43,1.0,,,,,0.00682437838986516,328.0,television_room
888,43,1.0,,,,,0.006690685637295246,27.0,auditorium
889,43,1.0,,,,,0.006168376188725233,101.0,conference_center
890,43,2.0,,,,,0.08981034904718399,177.0,home_theater
891,43,2.0,,,,,0.08870969712734222,235.0,movie_theater/indoor
892,43,2.0,,,,,0.042411673814058304,329.0,television_studio
893,43,2.0,,,,,0.03222942724823952,63.0,bow_window/indoor
894,43,2.0,,,,,0.03089112974703312,246.0,office_cubicles
895,43,3.0,97.52133178710938,100.63253784179688,126.72466278076172,119.03538513183594,0.4889134168624878,62.0,tv
896,43,3.0,126.61741638183594,99.15391540527344,156.6318359375,120.87046813964844,0.2742586135864258,62.0,tv
897,43,3.0,,,,,0.06659945845603943,61.0,booth/indoor
898,43,3.0,,,,,0.04808163642883301,235.0,movie_theater/indoor
899,43,3.0,,,,,0.044968828558921814,170.0,hangar/outdoor
900,43,3.0,,,,,0.04479970410466194,101.0,conference_center
901,43,3.0,,,,,0.03636831417679787,177.0,home_theater
902,44,0.0,,,,,0.27291974425315857,16.0,arena/performance
903,44,0.0,,,,,0.06435149908065796,235.0,movie_theater/indoor
904,44,0.0,,,,,0.06330562382936478,315.0,stage/indoor
905,44,0.0,,,,,0.05998384952545166,177.0,home_theater
906,44,0.0,,,,,0.05541793256998062,101.0,conference_center
907,44,1.0,,,,,0.27291974425315857,16.0,arena/performance
908,44,1.0,,,,,0.06435149908065796,235.0,movie_theater/indoor
909,44,1.0,,,,,0.06330562382936478,315.0,stage/indoor
910,44,1.0,,,,,0.05998384952545166,177.0,home_theater
911,44,1.0,,,,,0.05541793256998062,101.0,conference_center
912,44,2.0,15.424073219299316,84.71183013916016,26.478899002075195,101.72025299072266,0.3051598370075226,41.0,cup
913,44,2.0,,,,,0.5917397737503052,177.0,home_theater
914,44,2.0,,,,,0.2666839361190796,235.0,movie_theater/indoor
915,44,2.0,,,,,0.05912994593381882,16.0,arena/performance
916,44,2.0,,,,,0.018617192283272743,9.0,aquarium
917,44,2.0,,,,,0.010918679647147655,315.0,stage/indoor
918,45,0.0,,,,,0.46696069836616516,177.0,home_theater
919,45,0.0,,,,,0.4414118528366089,235.0,movie_theater/indoor
920,45,0.0,,,,,0.010102350264787674,328.0,television_room
921,45,0.0,,,,,0.008741972036659718,101.0,conference_center
922,45,0.0,,,,,0.008578864857554436,27.0,auditorium
923,45,1.0,,,,,0.46696069836616516,177.0,home_theater
924,45,1.0,,,,,0.4414118528366089,235.0,movie_theater/indoor
925,45,1.0,,,,,0.010102350264787674,328.0,television_room
926,45,1.0,,,,,0.008741972036659718,101.0,conference_center
927,45,1.0,,,,,0.008578864857554436,27.0,auditorium
928,45,2.0,52.669525146484375,58.454341888427734,65.52167510986328,102.42984771728516,0.48636436462402344,0.0,person
929,45,2.0,,,,,0.19725239276885986,177.0,home_theater
930,45,2.0,,,,,0.19019663333892822,235.0,movie_theater/indoor
931,45,2.0,,,,,0.1584329754114151,16.0,arena/performance
932,45,2.0,,,,,0.1393355429172516,9.0,aquarium
933,45,2.0,,,,,0.036529526114463806,167.0,grotto
934,46,0.0,124.56258392333984,24.728408813476562,156.64639282226562,78.04723358154297,0.7894577383995056,0.0,person
935,46,0.0,98.2872085571289,48.182865142822266,175.5544891357422,75.02843475341797,0.3659827709197998,13.0,bench
936,46,0.0,,,,,0.282884806394577,177.0,home_theater
937,46,0.0,,,,,0.23121525347232819,235.0,movie_theater/indoor
938,46,0.0,,,,,0.069393090903759,9.0,aquarium
939,46,0.0,,,,,0.05223793163895607,16.0,arena/performance
940,46,0.0,,,,,0.03556637838482857,328.0,television_room
941,46,1.0,124.56258392333984,24.728408813476562,156.64639282226562,78.04723358154297,0.7894577383995056,0.0,person
942,46,1.0,98.2872085571289,48.182865142822266,175.5544891357422,75.02843475341797,0.3659827709197998,13.0,bench
943,46,1.0,,,,,0.282884806394577,177.0,home_theater
944,46,1.0,,,,,0.23121525347232819,235.0,movie_theater/indoor
945,46,1.0,,,,,0.069393090903759,9.0,aquarium
946,46,1.0,,,,,0.05223793163895607,16.0,arena/performance
947,46,1.0,,,,,0.03556637838482857,328.0,television_room
948,46,2.0,102.8485336303711,57.00868606567383,118.15824890136719,99.28760528564453,0.8150145411491394,0.0,person
949,46,2.0,136.84776306152344,65.90316009521484,158.78488159179688,115.33247375488281,0.771766722202301,0.0,person
950,46,2.0,51.01429748535156,56.48818588256836,74.55111694335938,102.96603393554688,0.7288693785667419,0.0,person
951,46,2.0,,,,,0.10567547380924225,63.0,bow_window/indoor
952,46,2.0,,,,,0.07999406009912491,235.0,movie_theater/indoor
953,46,2.0,,,,,0.0698726698756218,16.0,arena/performance
954,46,2.0,,,,,0.05575183406472206,187.0,ice_shelf
955,46,2.0,,,,,0.03728564828634262,5.0,amphitheater
956,47,0.0,,,,,0.6415048241615295,177.0,home_theater
957,47,0.0,,,,,0.22237615287303925,235.0,movie_theater/indoor
958,47,0.0,,,,,0.0395343080163002,16.0,arena/performance
959,47,0.0,,,,,0.029642829671502113,9.0,aquarium
960,47,0.0,,,,,0.009883228689432144,329.0,television_studio
961,47,1.0,,,,,0.6415048241615295,177.0,home_theater
962,47,1.0,,,,,0.22237615287303925,235.0,movie_theater/indoor
963,47,1.0,,,,,0.0395343080163002,16.0,arena/performance
964,47,1.0,,,,,0.029642829671502113,9.0,aquarium
965,47,1.0,,,,,0.009883228689432144,329.0,television_studio
966,47,2.0,,,,,0.2660331130027771,16.0,arena/performance
967,47,2.0,,,,,0.08865821361541748,235.0,movie_theater/indoor
968,47,2.0,,,,,0.08841647207736969,177.0,home_theater
969,47,2.0,,,,,0.041239574551582336,297.0,science_museum
970,47,2.0,,,,,0.04095787927508354,329.0,television_studio
971,48,0.0,,,,,0.28647056221961975,177.0,home_theater
972,48,0.0,,,,,0.22645720839500427,235.0,movie_theater/indoor
973,48,0.0,,,,,0.1267889142036438,16.0,arena/performance
974,48,0.0,,,,,0.030873211100697517,329.0,television_studio
975,48,0.0,,,,,0.030299928039312363,27.0,auditorium
976,48,1.0,,,,,0.28647056221961975,177.0,home_theater
977,48,1.0,,,,,0.22645720839500427,235.0,movie_theater/indoor
978,48,1.0,,,,,0.1267889142036438,16.0,arena/performance
979,48,1.0,,,,,0.030873211100697517,329.0,television_studio
980,48,1.0,,,,,0.030299928039312363,27.0,auditorium
981,48,2.0,,,,,0.11683563888072968,235.0,movie_theater/indoor
982,48,2.0,,,,,0.07197383046150208,85.0,catacomb
983,48,2.0,,,,,0.06365791708230972,16.0,arena/performance
984,48,2.0,,,,,0.05865056812763214,177.0,home_theater
985,48,2.0,,,,,0.04865359887480736,315.0,stage/indoor
986,48,3.0,,,,,0.2918938398361206,235.0,movie_theater/indoor
987,48,3.0,,,,,0.15109123289585114,177.0,home_theater
988,48,3.0,,,,,0.10671968013048172,350.0,volcano
989,48,3.0,,,,,0.09088998287916183,85.0,catacomb
990,48,3.0,,,,,0.019698316231369972,306.0,sky
991,49,0.0,7.647906303405762,24.286975860595703,72.2385482788086,119.45270538330078,0.8631923794746399,0.0,person
992,49,0.0,,,,,0.3121991455554962,177.0,home_theater
993,49,0.0,,,,,0.17005957663059235,16.0,arena/performance
994,49,0.0,,,,,0.1683807522058487,235.0,movie_theater/indoor
995,49,0.0,,,,,0.07973672449588776,329.0,television_studio
996,49,0.0,,,,,0.026242271065711975,250.0,orchestra_pit
997,49,1.0,7.647906303405762,24.286975860595703,72.2385482788086,119.45270538330078,0.8631923794746399,0.0,person
998,49,1.0,,,,,0.3121991455554962,177.0,home_theater
999,49,1.0,,,,,0.17005957663059235,16.0,arena/performance
1000,49,1.0,,,,,0.1683807522058487,235.0,movie_theater/indoor
1001,49,1.0,,,,,0.07973672449588776,329.0,television_studio
1002,49,1.0,,,,,0.026242271065711975,250.0,orchestra_pit
1003,49,2.0,10.383391380310059,24.280887603759766,79.75188446044922,119.4265365600586,0.8409523963928223,0.0,person
1004,49,2.0,82.88849639892578,44.27976989746094,125.10374450683594,119.00228881835938,0.6061941981315613,0.0,person
1005,49,2.0,143.4185791015625,40.544925689697266,162.01255798339844,90.21867370605469,0.26438242197036743,0.0,person
1006,49,2.0,,,,,0.44007617235183716,177.0,home_theater
1007,49,2.0,,,,,0.2819207012653351,235.0,movie_theater/indoor
1008,49,2.0,,,,,0.05699189007282257,16.0,arena/performance
1009,49,2.0,,,,,0.05643443763256073,167.0,grotto
1010,49,2.0,,,,,0.02634297125041485,9.0,aquarium
1011,49,3.0,,,,,0.5089952945709229,177.0,home_theater
1012,49,3.0,,,,,0.3422105014324188,235.0,movie_theater/indoor
1013,49,3.0,,,,,0.06945231556892395,16.0,arena/performance
1014,49,3.0,,,,,0.01748819835484028,9.0,aquarium
1015,49,3.0,,,,,0.012190626002848148,27.0,auditorium
1016,50,0.0,0.4220924377441406,24.273597717285156,79.98261260986328,119.89811706542969,0.4077763259410858,0.0,person
1017,50,0.0,0.0,49.90283203125,23.81955337524414,102.7275161743164,0.2639175057411194,36.0,skateboard
1018,50,0.0,,,,,0.12105723470449448,297.0,science_museum
1019,50,0.0,,,,,0.08211133629083633,239.0,natural_history_museum
1020,50,0.0,,,,,0.07948058843612671,236.0,museum/indoor
1021,50,0.0,,,,,0.07731911540031433,177.0,home_theater
1022,50,0.0,,,,,0.058637287467718124,16.0,arena/performance
1023,50,1.0,0.4220924377441406,24.273597717285156,79.98261260986328,119.89811706542969,0.4077763259410858,0.0,person
1024,50,1.0,0.0,49.90283203125,23.81955337524414,102.7275161743164,0.2639175057411194,36.0,skateboard
1025,50,1.0,,,,,0.12105723470449448,297.0,science_museum
1026,50,1.0,,,,,0.08211133629083633,239.0,natural_history_museum
1027,50,1.0,,,,,0.07948058843612671,236.0,museum/indoor
1028,50,1.0,,,,,0.07731911540031433,177.0,home_theater
1029,50,1.0,,,,,0.058637287467718124,16.0,arena/performance
1030,50,2.0,78.67662048339844,24.7025089263916,173.9159698486328,119.419189453125,0.7167719006538391,0.0,person
1031,50,2.0,,,,,0.12106163799762726,219.0,locker_room
1032,50,2.0,,,,,0.0635853260755539,320.0,subway_station/platform
1033,50,2.0,,,,,0.052422717213630676,236.0,museum/indoor
1034,50,2.0,,,,,0.04901072755455971,239.0,natural_history_museum
1035,50,2.0,,,,,0.04851240664720535,196.0,jail_cell
1036,50,3.0,,,,,0.158455953001976,235.0,movie_theater/indoor
1037,50,3.0,,,,,0.08623337000608444,177.0,home_theater
1038,50,3.0,,,,,0.040100522339344025,196.0,jail_cell
1039,50,3.0,,,,,0.031776685267686844,35.0,ballroom
1040,50,3.0,,,,,0.029716625809669495,219.0,locker_room
1041,51,0.0,,,,,0.0395989827811718,85.0,catacomb
1042,51,0.0,,,,,0.026676956564188004,235.0,movie_theater/indoor
1043,51,0.0,,,,,0.023301107808947563,315.0,stage/indoor
1044,51,0.0,,,,,0.017281265929341316,250.0,orchestra_pit
1045,51,0.0,,,,,0.014953961595892906,306.0,sky
1046,51,1.0,,,,,0.0395989827811718,85.0,catacomb
1047,51,1.0,,,,,0.026676956564188004,235.0,movie_theater/indoor
1048,51,1.0,,,,,0.023301107808947563,315.0,stage/indoor
1049,51,1.0,,,,,0.017281265929341316,250.0,orchestra_pit
1050,51,1.0,,,,,0.014953961595892906,306.0,sky
1051,51,2.0,,,,,0.06858362257480621,316.0,stage/outdoor
1052,51,2.0,,,,,0.041467517614364624,320.0,subway_station/platform
1053,51,2.0,,,,,0.0331517793238163,16.0,arena/performance
1054,51,2.0,,,,,0.03196566179394722,70.0,bus_interior
1055,51,2.0,,,,,0.031115014106035233,158.0,gas_station
1056,51,3.0,,,,,0.11201673746109009,9.0,aquarium
1057,51,3.0,,,,,0.0934009775519371,85.0,catacomb
1058,51,3.0,,,,,0.060538146644830704,177.0,home_theater
1059,51,3.0,,,,,0.05264889821410179,235.0,movie_theater/indoor
1060,51,3.0,,,,,0.038953594863414764,167.0,grotto
1061,52,0.0,,,,,0.09079328924417496,85.0,catacomb
1062,52,0.0,,,,,0.06668253242969513,235.0,movie_theater/indoor
1063,52,0.0,,,,,0.03882488235831261,315.0,stage/indoor
1064,52,0.0,,,,,0.020092308521270752,196.0,jail_cell
1065,52,0.0,,,,,0.01928313449025154,16.0,arena/performance
1066,52,1.0,,,,,0.09079328924417496,85.0,catacomb
1067,52,1.0,,,,,0.06668253242969513,235.0,movie_theater/indoor
1068,52,1.0,,,,,0.03882488235831261,315.0,stage/indoor
1069,52,1.0,,,,,0.020092308521270752,196.0,jail_cell
1070,52,1.0,,,,,0.01928313449025154,16.0,arena/performance
1071,52,2.0,7.608699798583984,79.8857192993164,51.085941314697266,119.85377502441406,0.4892158806324005,15.0,cat
1072,52,2.0,70.72604370117188,24.880611419677734,175.02235412597656,120.1304931640625,0.4512246251106262,15.0,cat
1073,52,2.0,,,,,0.05453580617904663,50.0,beauty_salon
1074,52,2.0,,,,,0.042972441762685776,177.0,home_theater
1075,52,2.0,,,,,0.03852326422929764,235.0,movie_theater/indoor
1076,52,2.0,,,,,0.034221626818180084,250.0,orchestra_pit
1077,52,2.0,,,,,0.031923841685056686,219.0,locker_room
1078,53,0.0,,,,,0.4774806797504425,177.0,home_theater
1079,53,0.0,,,,,0.28240734338760376,235.0,movie_theater/indoor
1080,53,0.0,,,,,0.12796635925769806,16.0,arena/performance
1081,53,0.0,,,,,0.023222696036100388,9.0,aquarium
1082,53,0.0,,,,,0.01653754897415638,27.0,auditorium
1083,53,1.0,,,,,0.4774806797504425,177.0,home_theater
1084,53,1.0,,,,,0.28240734338760376,235.0,movie_theater/indoor
1085,53,1.0,,,,,0.12796635925769806,16.0,arena/performance
1086,53,1.0,,,,,0.023222696036100388,9.0,aquarium
1087,53,1.0,,,,,0.01653754897415638,27.0,auditorium
1088,53,2.0,40.910797119140625,25.59039306640625,129.82196044921875,119.49443054199219,0.88669353723526,0.0,person
1089,53,2.0,127.69508361816406,73.2425308227539,148.38584899902344,114.65918731689453,0.5901002883911133,0.0,person
1090,53,2.0,,,,,0.46846839785575867,177.0,home_theater
1091,53,2.0,,,,,0.27307334542274475,235.0,movie_theater/indoor
1092,53,2.0,,,,,0.08960047364234924,16.0,arena/performance
1093,53,2.0,,,,,0.018503297120332718,9.0,aquarium
1094,53,2.0,,,,,0.017588259652256966,27.0,auditorium
1095,54,0.0,,,,,0.5611245632171631,177.0,home_theater
1096,54,0.0,,,,,0.35909539461135864,235.0,movie_theater/indoor
1097,54,0.0,,,,,0.007077608723193407,27.0,auditorium
1098,54,0.0,,,,,0.0067209904082119465,101.0,conference_center
1099,54,0.0,,,,,0.006163052748888731,328.0,television_room
1100,54,1.0,,,,,0.5611245632171631,177.0,home_theater
1101,54,1.0,,,,,0.35909539461135864,235.0,movie_theater/indoor
1102,54,1.0,,,,,0.007077608723193407,27.0,auditorium
1103,54,1.0,,,,,0.0067209904082119465,101.0,conference_center
1104,54,1.0,,,,,0.006163052748888731,328.0,television_room
1105,54,2.0,,,,,0.04406878352165222,235.0,movie_theater/indoor
1106,54,2.0,,,,,0.03807777166366577,85.0,catacomb
1107,54,2.0,,,,,0.033783264458179474,315.0,stage/indoor
1108,54,2.0,,,,,0.021915551275014877,16.0,arena/performance
1109,54,2.0,,,,,0.018290305510163307,250.0,orchestra_pit
1110,55,0.0,,,,,0.37081050872802734,235.0,movie_theater/indoor
1111,55,0.0,,,,,0.12074373662471771,177.0,home_theater
1112,55,0.0,,,,,0.030170366168022156,27.0,auditorium
1113,55,0.0,,,,,0.029337426647543907,315.0,stage/indoor
1114,55,0.0,,,,,0.01857379637658596,250.0,orchestra_pit
1115,55,1.0,,,,,0.37081050872802734,235.0,movie_theater/indoor
1116,55,1.0,,,,,0.12074373662471771,177.0,home_theater
1117,55,1.0,,,,,0.030170366168022156,27.0,auditorium
1118,55,1.0,,,,,0.029337426647543907,315.0,stage/indoor
1119,55,1.0,,,,,0.01857379637658596,250.0,orchestra_pit
1120,55,2.0,0.0011203765170648694,27.756458282470703,106.68138122558594,119.1341781616211,0.9173009991645813,0.0,person
1121,55,2.0,,,,,0.25822117924690247,235.0,movie_theater/indoor
1122,55,2.0,,,,,0.21133121848106384,177.0,home_theater
1123,55,2.0,,,,,0.06792806088924408,329.0,television_studio
1124,55,2.0,,,,,0.046382151544094086,101.0,conference_center
1125,55,2.0,,,,,0.03760198503732681,16.0,arena/performance
1126,55,3.0,0.42911261320114136,31.657672882080078,106.468505859375,118.97554016113281,0.9287270307540894,0.0,person
1127,55,3.0,,,,,0.2036537528038025,235.0,movie_theater/indoor
1128,55,3.0,,,,,0.16557611525058746,177.0,home_theater
1129,55,3.0,,,,,0.06026472896337509,16.0,arena/performance
1130,55,3.0,,,,,0.05136602371931076,329.0,television_studio
1131,55,3.0,,,,,0.0483691468834877,316.0,stage/outdoor
1132,56,0.0,,,,,0.30157262086868286,177.0,home_theater
1133,56,0.0,,,,,0.24176156520843506,235.0,movie_theater/indoor
1134,56,0.0,,,,,0.032373324036598206,329.0,television_studio
1135,56,0.0,,,,,0.029380321502685547,250.0,orchestra_pit
1136,56,0.0,,,,,0.024294760078191757,297.0,science_museum
1137,56,1.0,,,,,0.30157262086868286,177.0,home_theater
1138,56,1.0,,,,,0.24176156520843506,235.0,movie_theater/indoor
1139,56,1.0,,,,,0.032373324036598206,329.0,television_studio
1140,56,1.0,,,,,0.029380321502685547,250.0,orchestra_pit
1141,56,1.0,,,,,0.024294760078191757,297.0,science_museum
1142,56,2.0,,,,,0.09463565796613693,235.0,movie_theater/indoor
1143,56,2.0,,,,,0.08468148112297058,177.0,home_theater
1144,56,2.0,,,,,0.04780909791588783,9.0,aquarium
1145,56,2.0,,,,,0.038406822830438614,297.0,science_museum
1146,56,2.0,,,,,0.03811429813504219,196.0,jail_cell
1147,57,0.0,,,,,0.48026928305625916,177.0,home_theater
1148,57,0.0,,,,,0.39398491382598877,235.0,movie_theater/indoor
1149,57,0.0,,,,,0.01649983786046505,101.0,conference_center
1150,57,0.0,,,,,0.013236993923783302,27.0,auditorium
1151,57,0.0,,,,,0.011462745256721973,328.0,television_room
1152,57,1.0,,,,,0.48026928305625916,177.0,home_theater
1153,57,1.0,,,,,0.39398491382598877,235.0,movie_theater/indoor
1154,57,1.0,,,,,0.01649983786046505,101.0,conference_center
1155,57,1.0,,,,,0.013236993923783302,27.0,auditorium
1156,57,1.0,,,,,0.011462745256721973,328.0,television_room
1157,57,2.0,78.77863311767578,66.47097778320312,93.11554718017578,81.07582092285156,0.4108472466468811,7.0,truck
1158,57,2.0,,,,,0.1437339186668396,16.0,arena/performance
1159,57,2.0,,,,,0.056163471192121506,320.0,subway_station/platform
1160,57,2.0,,,,,0.05466533824801445,131.0,elevator_shaft
1161,57,2.0,,,,,0.03247545659542084,315.0,stage/indoor
1162,57,2.0,,,,,0.030198225751519203,276.0,raceway
1163,58,0.0,,,,,0.09644198417663574,255.0,parking_garage/indoor
1164,58,0.0,,,,,0.07316523790359497,158.0,gas_station
1165,58,0.0,,,,,0.05652288720011711,29.0,auto_showroom
1166,58,0.0,,,,,0.05596958473324776,257.0,parking_lot
1167,58,0.0,,,,,0.04779572784900665,300.0,shoe_shop
1168,58,1.0,,,,,0.09644198417663574,255.0,parking_garage/indoor
1169,58,1.0,,,,,0.07316523790359497,158.0,gas_station
1170,58,1.0,,,,,0.05652288720011711,29.0,auto_showroom
1171,58,1.0,,,,,0.05596958473324776,257.0,parking_lot
1172,58,1.0,,,,,0.04779572784900665,300.0,shoe_shop
1173,58,2.0,,,,,0.16391675174236298,177.0,home_theater
1174,58,2.0,,,,,0.11974326521158218,131.0,elevator_shaft
1175,58,2.0,,,,,0.11229684203863144,235.0,movie_theater/indoor
1176,58,2.0,,,,,0.0609397292137146,255.0,parking_garage/indoor
1177,58,2.0,,,,,0.038921575993299484,2.0,airport_terminal
1178,59,0.0,,,,,0.47710293531417847,235.0,movie_theater/indoor
1179,59,0.0,,,,,0.34257468581199646,177.0,home_theater
1180,59,0.0,,,,,0.02163941226899624,9.0,aquarium
1181,59,0.0,,,,,0.015099226497113705,16.0,arena/performance
1182,59,0.0,,,,,0.014182084240019321,27.0,auditorium
1183,59,1.0,,,,,0.47710293531417847,235.0,movie_theater/indoor
1184,59,1.0,,,,,0.34257468581199646,177.0,home_theater
1185,59,1.0,,,,,0.02163941226899624,9.0,aquarium
1186,59,1.0,,,,,0.015099226497113705,16.0,arena/performance
1187,59,1.0,,,,,0.014182084240019321,27.0,auditorium
1188,59,2.0,,,,,0.3473764657974243,177.0,home_theater
1189,59,2.0,,,,,0.19358433783054352,9.0,aquarium
1190,59,2.0,,,,,0.18464338779449463,235.0,movie_theater/indoor
1191,59,2.0,,,,,0.05911245569586754,16.0,arena/performance
1192,59,2.0,,,,,0.020973728969693184,329.0,television_studio
1193,60,0.0,108.40492248535156,87.81380462646484,134.92929077148438,101.92811584472656,0.6217867732048035,2.0,car
1194,60,0.0,103.51398468017578,87.98225402832031,108.90852355957031,99.4063720703125,0.33992621302604675,0.0,person
1195,60,0.0,,,,,0.2189752459526062,177.0,home_theater
1196,60,0.0,,,,,0.15667583048343658,235.0,movie_theater/indoor
1197,60,0.0,,,,,0.10311146825551987,16.0,arena/performance
1198,60,0.0,,,,,0.05279412493109703,101.0,conference_center
1199,60,0.0,,,,,0.047089703381061554,189.0,ice_skating_rink/outdoor
1200,60,1.0,108.40492248535156,87.81380462646484,134.92929077148438,101.92811584472656,0.6217867732048035,2.0,car
1201,60,1.0,103.51398468017578,87.98225402832031,108.90852355957031,99.4063720703125,0.33992621302604675,0.0,person
1202,60,1.0,,,,,0.2189752459526062,177.0,home_theater
1203,60,1.0,,,,,0.15667583048343658,235.0,movie_theater/indoor
1204,60,1.0,,,,,0.10311146825551987,16.0,arena/performance
1205,60,1.0,,,,,0.05279412493109703,101.0,conference_center
1206,60,1.0,,,,,0.047089703381061554,189.0,ice_skating_rink/outdoor
1207,60,2.0,19.36766815185547,24.887598037719727,133.15420532226562,119.85142517089844,0.5435735583305359,0.0,person
1208,60,2.0,,,,,0.30356934666633606,235.0,movie_theater/indoor
1209,60,2.0,,,,,0.26896241307258606,177.0,home_theater
1210,60,2.0,,,,,0.1006954088807106,9.0,aquarium
1211,60,2.0,,,,,0.07996518164873123,16.0,arena/performance
1212,60,2.0,,,,,0.054928507655858994,315.0,stage/indoor
1213,61,0.0,,,,,0.2550927996635437,329.0,television_studio
1214,61,0.0,,,,,0.11353297531604767,297.0,science_museum
1215,61,0.0,,,,,0.05348922684788704,16.0,arena/performance
1216,61,0.0,,,,,0.04340460151433945,236.0,museum/indoor
1217,61,0.0,,,,,0.03647978976368904,177.0,home_theater
1218,61,1.0,,,,,0.2550927996635437,329.0,television_studio
1219,61,1.0,,,,,0.11353297531604767,297.0,science_museum
1220,61,1.0,,,,,0.05348922684788704,16.0,arena/performance
1221,61,1.0,,,,,0.04340460151433945,236.0,museum/indoor
1222,61,1.0,,,,,0.03647978976368904,177.0,home_theater
1223,61,2.0,23.00055694580078,87.26031494140625,69.18282318115234,112.8763198852539,0.36732250452041626,2.0,car
1224,61,2.0,23.020614624023438,84.62464141845703,69.48692321777344,112.82154083251953,0.3180410861968994,5.0,bus
1225,61,2.0,,,,,0.04832322522997856,322.0,sushi_bar
1226,61,2.0,,,,,0.02934330329298973,158.0,gas_station
1227,61,2.0,,,,,0.021038098260760307,329.0,television_studio
1228,61,2.0,,,,,0.020181594416499138,177.0,home_theater
1229,61,2.0,,,,,0.01960403472185135,139.0,fastfood_restaurant
1230,62,0.0,,,,,0.09791171550750732,329.0,television_studio
1231,62,0.0,,,,,0.05901513248682022,316.0,stage/outdoor
1232,62,0.0,,,,,0.04869619384407997,177.0,home_theater
1233,62,0.0,,,,,0.041362978518009186,235.0,movie_theater/indoor
1234,62,0.0,,,,,0.029925046488642693,16.0,arena/performance
1235,62,1.0,,,,,0.09791171550750732,329.0,television_studio
1236,62,1.0,,,,,0.05901513248682022,316.0,stage/outdoor
1237,62,1.0,,,,,0.04869619384407997,177.0,home_theater
1238,62,1.0,,,,,0.041362978518009186,235.0,movie_theater/indoor
1239,62,1.0,,,,,0.029925046488642693,16.0,arena/performance
1240,62,2.0,46.43132781982422,65.19064331054688,64.67644500732422,109.3004150390625,0.2595738172531128,0.0,person
1241,62,2.0,,,,,0.2475079596042633,320.0,subway_station/platform
1242,62,2.0,,,,,0.1223851889371872,337.0,train_station/platform
1243,62,2.0,,,,,0.023734593763947487,255.0,parking_garage/indoor
1244,62,2.0,,,,,0.018889637663960457,175.0,highway
1245,62,2.0,,,,,0.018214767798781395,170.0,hangar/outdoor
1246,63,0.0,,,,,0.06898724287748337,207.0,landing_deck
1247,63,0.0,,,,,0.06423165649175644,98.0,cockpit
1248,63,0.0,,,,,0.05271904915571213,297.0,science_museum
1249,63,0.0,,,,,0.034959498792886734,320.0,subway_station/platform
1250,63,0.0,,,,,0.0270795039832592,170.0,hangar/outdoor
1251,63,1.0,,,,,0.06898724287748337,207.0,landing_deck
1252,63,1.0,,,,,0.06423165649175644,98.0,cockpit
1253,63,1.0,,,,,0.05271904915571213,297.0,science_museum
1254,63,1.0,,,,,0.034959498792886734,320.0,subway_station/platform
1255,63,1.0,,,,,0.0270795039832592,170.0,hangar/outdoor
1256,63,2.0,47.6467170715332,85.49107360839844,57.37319564819336,104.6296615600586,0.41196104884147644,0.0,person
1257,63,2.0,167.6095733642578,95.6449203491211,175.9769287109375,110.54454803466797,0.26698386669158936,2.0,car
1258,63,2.0,,,,,0.10640795528888702,16.0,arena/performance
1259,63,2.0,,,,,0.08869165182113647,83.0,carrousel
1260,63,2.0,,,,,0.06594725698232651,235.0,movie_theater/indoor
1261,63,2.0,,,,,0.036573201417922974,316.0,stage/outdoor
1262,63,2.0,,,,,0.026891855522990227,167.0,grotto
1263,64,0.0,,,,,0.09113411605358124,16.0,arena/performance
1264,64,0.0,,,,,0.07418632507324219,235.0,movie_theater/indoor
1265,64,0.0,,,,,0.05441051721572876,315.0,stage/indoor
1266,64,0.0,,,,,0.04744987189769745,131.0,elevator_shaft
1267,64,0.0,,,,,0.04048315808176994,85.0,catacomb
1268,64,1.0,,,,,0.09113411605358124,16.0,arena/performance
1269,64,1.0,,,,,0.07418632507324219,235.0,movie_theater/indoor
1270,64,1.0,,,,,0.05441051721572876,315.0,stage/indoor
1271,64,1.0,,,,,0.04744987189769745,131.0,elevator_shaft
1272,64,1.0,,,,,0.04048315808176994,85.0,catacomb
1273,64,2.0,,,,,0.08245020359754562,131.0,elevator_shaft
1274,64,2.0,,,,,0.0817391648888588,129.0,elevator/door
1275,64,2.0,,,,,0.06718847155570984,196.0,jail_cell
1276,64,2.0,,,,,0.0598318837583065,43.0,basement
1277,64,2.0,,,,,0.04650744050741196,219.0,locker_room
1278,65,0.0,,,,,0.589918851852417,177.0,home_theater
1279,65,0.0,,,,,0.3535914719104767,235.0,movie_theater/indoor
1280,65,0.0,,,,,0.005887211300432682,27.0,auditorium
1281,65,0.0,,,,,0.005093713290989399,328.0,television_room
1282,65,0.0,,,,,0.005031331442296505,101.0,conference_center
1283,65,1.0,,,,,0.589918851852417,177.0,home_theater
1284,65,1.0,,,,,0.3535914719104767,235.0,movie_theater/indoor
1285,65,1.0,,,,,0.005887211300432682,27.0,auditorium
1286,65,1.0,,,,,0.005093713290989399,328.0,television_room
1287,65,1.0,,,,,0.005031331442296505,101.0,conference_center
1288,65,2.0,,,,,0.33247628808021545,235.0,movie_theater/indoor
1289,65,2.0,,,,,0.25403332710266113,177.0,home_theater
1290,65,2.0,,,,,0.03333018347620964,131.0,elevator_shaft
1291,65,2.0,,,,,0.031304243952035904,85.0,catacomb
1292,65,2.0,,,,,0.025484463199973106,16.0,arena/performance
1293,66,0.0,38.82112121582031,24.554841995239258,168.0833282470703,119.05457305908203,0.4847867488861084,0.0,person
1294,66,0.0,,,,,0.41850823163986206,177.0,home_theater
1295,66,0.0,,,,,0.33960938453674316,235.0,movie_theater/indoor
1296,66,0.0,,,,,0.016442567110061646,122.0,discotheque
1297,66,0.0,,,,,0.016282960772514343,315.0,stage/indoor
1298,66,0.0,,,,,0.014119885861873627,250.0,orchestra_pit
1299,66,1.0,38.82112121582031,24.554841995239258,168.0833282470703,119.05457305908203,0.4847867488861084,0.0,person
1300,66,1.0,,,,,0.41850823163986206,177.0,home_theater
1301,66,1.0,,,,,0.33960938453674316,235.0,movie_theater/indoor
1302,66,1.0,,,,,0.016442567110061646,122.0,discotheque
1303,66,1.0,,,,,0.016282960772514343,315.0,stage/indoor
1304,66,1.0,,,,,0.014119885861873627,250.0,orchestra_pit
1305,66,2.0,83.78021240234375,50.41135025024414,112.44181060791016,76.1948471069336,0.3981369137763977,69.0,oven
1306,66,2.0,0.23667849600315094,31.87700843811035,45.69755935668945,64.79888916015625,0.3403705358505249,68.0,microwave
1307,66,2.0,,,,,0.22380296885967255,177.0,home_theater
1308,66,2.0,,,,,0.1399649977684021,235.0,movie_theater/indoor
1309,66,2.0,,,,,0.02356662228703499,131.0,elevator_shaft
1310,66,2.0,,,,,0.02071753703057766,297.0,science_museum
1311,66,2.0,,,,,0.016407247632741928,246.0,office_cubicles
1312,67,0.0,,,,,0.0822187140583992,106.0,corridor
1313,67,0.0,,,,,0.07562050968408585,131.0,elevator_shaft
1314,67,0.0,,,,,0.0554375946521759,85.0,catacomb
1315,67,0.0,,,,,0.039342571049928665,235.0,movie_theater/indoor
1316,67,0.0,,,,,0.035254478454589844,196.0,jail_cell
1317,67,1.0,,,,,0.0822187140583992,106.0,corridor
1318,67,1.0,,,,,0.07562050968408585,131.0,elevator_shaft
1319,67,1.0,,,,,0.0554375946521759,85.0,catacomb
1320,67,1.0,,,,,0.039342571049928665,235.0,movie_theater/indoor
1321,67,1.0,,,,,0.035254478454589844,196.0,jail_cell
1322,67,2.0,53.426414489746094,37.776214599609375,114.54631042480469,119.7959976196289,0.5563427805900574,0.0,person
1323,67,2.0,,,,,0.4242471754550934,177.0,home_theater
1324,67,2.0,,,,,0.3254547417163849,235.0,movie_theater/indoor
1325,67,2.0,,,,,0.07375376671552658,16.0,arena/performance
1326,67,2.0,,,,,0.02352353371679783,167.0,grotto
1327,67,2.0,,,,,0.022266197949647903,329.0,television_studio
1328,68,0.0,,,,,0.24981965124607086,16.0,arena/performance
1329,68,0.0,,,,,0.09160669893026352,177.0,home_theater
1330,68,0.0,,,,,0.06625132262706757,235.0,movie_theater/indoor
1331,68,0.0,,,,,0.05590680614113808,329.0,television_studio
1332,68,0.0,,,,,0.02397402934730053,27.0,auditorium
1333,68,1.0,,,,,0.24981965124607086,16.0,arena/performance
1334,68,1.0,,,,,0.09160669893026352,177.0,home_theater
1335,68,1.0,,,,,0.06625132262706757,235.0,movie_theater/indoor
1336,68,1.0,,,,,0.05590680614113808,329.0,television_studio
1337,68,1.0,,,,,0.02397402934730053,27.0,auditorium
1338,68,2.0,36.2779541015625,24.25971221923828,85.14630889892578,107.24835205078125,0.275600790977478,0.0,person
1339,68,2.0,,,,,0.15938232839107513,16.0,arena/performance
1340,68,2.0,,,,,0.10237042605876923,177.0,home_theater
1341,68,2.0,,,,,0.10194876044988632,235.0,movie_theater/indoor
1342,68,2.0,,,,,0.06509903073310852,297.0,science_museum
1343,68,2.0,,,,,0.04631597921252251,329.0,television_studio
1344,69,0.0,,,,,0.252503365278244,207.0,landing_deck
1345,69,0.0,,,,,0.13279928267002106,18.0,army_base
1346,69,0.0,,,,,0.08044588565826416,293.0,runway
1347,69,0.0,,,,,0.07620052248239517,170.0,hangar/outdoor
1348,69,0.0,,,,,0.046943992376327515,16.0,arena/performance
1349,69,1.0,,,,,0.252503365278244,207.0,landing_deck
1350,69,1.0,,,,,0.13279928267002106,18.0,army_base
1351,69,1.0,,,,,0.08044588565826416,293.0,runway
1352,69,1.0,,,,,0.07620052248239517,170.0,hangar/outdoor
1353,69,1.0,,,,,0.046943992376327515,16.0,arena/performance
1354,69,2.0,50.80891418457031,27.780452728271484,135.8872528076172,119.2711410522461,0.8659361600875854,0.0,person
1355,69,2.0,,,,,0.19873251020908356,16.0,arena/performance
1356,69,2.0,,,,,0.14727827906608582,235.0,movie_theater/indoor
1357,69,2.0,,,,,0.12043681740760803,177.0,home_theater
1358,69,2.0,,,,,0.05213817581534386,316.0,stage/outdoor
1359,69,2.0,,,,,0.027090752497315407,101.0,conference_center
1360,70,0.0,,,,,0.16111159324645996,177.0,home_theater
1361,70,0.0,,,,,0.1015731543302536,235.0,movie_theater/indoor
1362,70,0.0,,,,,0.05389958620071411,16.0,arena/performance
1363,70,0.0,,,,,0.037287041544914246,297.0,science_museum
1364,70,0.0,,,,,0.0316365621984005,50.0,beauty_salon
1365,70,1.0,,,,,0.16111159324645996,177.0,home_theater
1366,70,1.0,,,,,0.1015731543302536,235.0,movie_theater/indoor
1367,70,1.0,,,,,0.05389958620071411,16.0,arena/performance
1368,70,1.0,,,,,0.037287041544914246,297.0,science_museum
1369,70,1.0,,,,,0.0316365621984005,50.0,beauty_salon
1370,70,2.0,55.37098693847656,52.45814514160156,127.85200500488281,122.23125457763672,0.6398000717163086,0.0,person
1371,70,2.0,,,,,0.05429152026772499,285.0,restaurant_kitchen
1372,70,2.0,,,,,0.033295366913080215,85.0,catacomb
1373,70,2.0,,,,,0.02253425121307373,177.0,home_theater
1374,70,2.0,,,,,0.022339941933751106,203.0,kitchen
1375,70,2.0,,,,,0.019801568239927292,196.0,jail_cell
1376,71,0.0,,,,,0.08713768422603607,235.0,movie_theater/indoor
1377,71,0.0,,,,,0.07451973110437393,131.0,elevator_shaft
1378,71,0.0,,,,,0.04837498068809509,196.0,jail_cell
1379,71,0.0,,,,,0.044703248888254166,16.0,arena/performance
1380,71,0.0,,,,,0.04190843924880028,285.0,restaurant_kitchen
1381,71,1.0,,,,,0.08713768422603607,235.0,movie_theater/indoor
1382,71,1.0,,,,,0.07451973110437393,131.0,elevator_shaft
1383,71,1.0,,,,,0.04837498068809509,196.0,jail_cell
1384,71,1.0,,,,,0.044703248888254166,16.0,arena/performance
1385,71,1.0,,,,,0.04190843924880028,285.0,restaurant_kitchen
1386,71,2.0,,,,,0.08069692552089691,37.0,bank_vault
1387,71,2.0,,,,,0.04400758445262909,85.0,catacomb
1388,71,2.0,,,,,0.04296253249049187,131.0,elevator_shaft
1389,71,2.0,,,,,0.042412955313920975,320.0,subway_station/platform
1390,71,2.0,,,,,0.04115711897611618,16.0,arena/performance
1391,72,0.0,,,,,0.11874343454837799,37.0,bank_vault
1392,72,0.0,,,,,0.04126479849219322,131.0,elevator_shaft
1393,72,0.0,,,,,0.037689413875341415,82.0,car_interior
1394,72,0.0,,,,,0.03419125825166702,85.0,catacomb
1395,72,0.0,,,,,0.028920717537403107,16.0,arena/performance
1396,72,1.0,,,,,0.11874343454837799,37.0,bank_vault
1397,72,1.0,,,,,0.04126479849219322,131.0,elevator_shaft
1398,72,1.0,,,,,0.037689413875341415,82.0,car_interior
1399,72,1.0,,,,,0.03419125825166702,85.0,catacomb
1400,72,1.0,,,,,0.028920717537403107,16.0,arena/performance
1401,72,2.0,,,,,0.10886602848768234,235.0,movie_theater/indoor
1402,72,2.0,,,,,0.0912683978676796,177.0,home_theater
1403,72,2.0,,,,,0.03732678294181824,329.0,television_studio
1404,72,2.0,,,,,0.036565739661455154,131.0,elevator_shaft
1405,72,2.0,,,,,0.030422495678067207,297.0,science_museum
1406,72,3.0,,,,,0.18055835366249084,235.0,movie_theater/indoor
1407,72,3.0,,,,,0.11478891968727112,16.0,arena/performance
1408,72,3.0,,,,,0.09528186172246933,315.0,stage/indoor
1409,72,3.0,,,,,0.06417140364646912,177.0,home_theater
1410,72,3.0,,,,,0.04962410405278206,250.0,orchestra_pit
1411,73,0.0,,,,,0.047331683337688446,85.0,catacomb
1412,73,0.0,,,,,0.028603121638298035,235.0,movie_theater/indoor
1413,73,0.0,,,,,0.023420510813593864,315.0,stage/indoor
1414,73,0.0,,,,,0.016164498403668404,306.0,sky
1415,73,0.0,,,,,0.01568596065044403,250.0,orchestra_pit
1416,73,1.0,,,,,0.047331683337688446,85.0,catacomb
1417,73,1.0,,,,,0.028603121638298035,235.0,movie_theater/indoor
1418,73,1.0,,,,,0.023420510813593864,315.0,stage/indoor
1419,73,1.0,,,,,0.016164498403668404,306.0,sky
1420,73,1.0,,,,,0.01568596065044403,250.0,orchestra_pit
1421,73,2.0,86.49467468261719,48.009605407714844,112.84312438964844,117.6268310546875,0.8855995535850525,0.0,person
1422,73,2.0,122.58302307128906,38.3910026550293,145.58299255371094,121.91007995605469,0.7583829164505005,0.0,person
1423,73,2.0,34.082252502441406,32.92995834350586,72.94361877441406,120.82471466064453,0.38604745268821716,0.0,person
1424,73,2.0,,,,,0.14533041417598724,329.0,television_studio
1425,73,2.0,,,,,0.08441872894763947,16.0,arena/performance
1426,73,2.0,,,,,0.08062739670276642,297.0,science_museum
1427,73,2.0,,,,,0.06596191972494125,177.0,home_theater
1428,73,2.0,,,,,0.05474007874727249,235.0,movie_theater/indoor
1429,74,0.0,,,,,0.04872693121433258,85.0,catacomb
1430,74,0.0,,,,,0.03470328822731972,235.0,movie_theater/indoor
1431,74,0.0,,,,,0.032731425017118454,315.0,stage/indoor
1432,74,0.0,,,,,0.021297229453921318,16.0,arena/performance
1433,74,0.0,,,,,0.01685321144759655,250.0,orchestra_pit
1434,74,1.0,,,,,0.04872693121433258,85.0,catacomb
1435,74,1.0,,,,,0.03470328822731972,235.0,movie_theater/indoor
1436,74,1.0,,,,,0.032731425017118454,315.0,stage/indoor
1437,74,1.0,,,,,0.021297229453921318,16.0,arena/performance
1438,74,1.0,,,,,0.01685321144759655,250.0,orchestra_pit
1439,74,2.0,0.6184772253036499,24.87757682800293,133.97293090820312,120.0045166015625,0.8387368321418762,0.0,person
1440,74,2.0,,,,,0.1915443390607834,235.0,movie_theater/indoor
1441,74,2.0,,,,,0.10636492818593979,177.0,home_theater
1442,74,2.0,,,,,0.0731053501367569,196.0,jail_cell
1443,74,2.0,,,,,0.06175686791539192,315.0,stage/indoor
1444,74,2.0,,,,,0.0556151419878006,329.0,television_studio
1445,74,3.0,0.3040962219238281,25.141130447387695,133.4293670654297,121.40398406982422,0.8877576589584351,0.0,person
1446,74,3.0,,,,,0.1830316036939621,235.0,movie_theater/indoor
1447,74,3.0,,,,,0.1509694755077362,177.0,home_theater
1448,74,3.0,,,,,0.07213104516267776,315.0,stage/indoor
1449,74,3.0,,,,,0.06444411724805832,196.0,jail_cell
1450,74,3.0,,,,,0.039724454283714294,16.0,arena/performance
1451,75,0.0,103.76542663574219,30.18206024169922,165.0651092529297,119.03292083740234,0.4814574718475342,0.0,person
1452,75,0.0,140.7669677734375,72.30494689941406,164.51666259765625,119.56543731689453,0.3655351996421814,0.0,person
1453,75,0.0,,,,,0.20868481695652008,177.0,home_theater
1454,75,0.0,,,,,0.08034621179103851,235.0,movie_theater/indoor
1455,75,0.0,,,,,0.07784970849752426,320.0,subway_station/platform
1456,75,0.0,,,,,0.062079042196273804,316.0,stage/outdoor
1457,75,0.0,,,,,0.04992898181080818,16.0,arena/performance
1458,75,1.0,103.76542663574219,30.18206024169922,165.0651092529297,119.03292083740234,0.4814574718475342,0.0,person
1459,75,1.0,140.7669677734375,72.30494689941406,164.51666259765625,119.56543731689453,0.3655351996421814,0.0,person
1460,75,1.0,,,,,0.20868481695652008,177.0,home_theater
1461,75,1.0,,,,,0.08034621179103851,235.0,movie_theater/indoor
1462,75,1.0,,,,,0.07784970849752426,320.0,subway_station/platform
1463,75,1.0,,,,,0.062079042196273804,316.0,stage/outdoor
1464,75,1.0,,,,,0.04992898181080818,16.0,arena/performance
1465,75,2.0,105.1512680053711,40.93293762207031,173.2956085205078,119.29727935791016,0.7957950234413147,0.0,person
1466,75,2.0,,,,,0.26461100578308105,177.0,home_theater
1467,75,2.0,,,,,0.20793794095516205,235.0,movie_theater/indoor
1468,75,2.0,,,,,0.047921646386384964,16.0,arena/performance
1469,75,2.0,,,,,0.04212583228945732,196.0,jail_cell
1470,75,2.0,,,,,0.03387194871902466,320.0,subway_station/platform
1471,75,3.0,105.40608978271484,39.23238754272461,167.54962158203125,119.5241470336914,0.7890058755874634,0.0,person
1472,75,3.0,0.23272360861301422,84.89786529541016,93.41511535644531,118.55500030517578,0.34553763270378113,59.0,bed
1473,75,3.0,,,,,0.38845178484916687,177.0,home_theater
1474,75,3.0,,,,,0.254389226436615,235.0,movie_theater/indoor
1475,75,3.0,,,,,0.05587150529026985,16.0,arena/performance
1476,75,3.0,,,,,0.02627670392394066,316.0,stage/outdoor
1477,75,3.0,,,,,0.023719992488622665,9.0,aquarium
1478,76,0.0,,,,,0.603464663028717,177.0,home_theater
1479,76,0.0,,,,,0.34155312180519104,235.0,movie_theater/indoor
1480,76,0.0,,,,,0.006656660232692957,328.0,television_room
1481,76,0.0,,,,,0.004883856046944857,27.0,auditorium
1482,76,0.0,,,,,0.004816697910428047,101.0,conference_center
1483,76,1.0,,,,,0.603464663028717,177.0,home_theater
1484,76,1.0,,,,,0.34155312180519104,235.0,movie_theater/indoor
1485,76,1.0,,,,,0.006656660232692957,328.0,television_room
1486,76,1.0,,,,,0.004883856046944857,27.0,auditorium
1487,76,1.0,,,,,0.004816697910428047,101.0,conference_center
1488,76,2.0,92.11666107177734,24.02269172668457,111.2882308959961,35.699947357177734,0.3492206633090973,62.0,tv
1489,76,2.0,3.232210874557495,32.37736129760742,90.32101440429688,117.7573471069336,0.2625218331813812,0.0,person
1490,76,2.0,99.6865005493164,48.84554672241211,111.16284942626953,56.36832809448242,0.26092514395713806,62.0,tv
1491,76,2.0,,,,,0.30181822180747986,16.0,arena/performance
1492,76,2.0,,,,,0.16832439601421356,235.0,movie_theater/indoor
1493,76,2.0,,,,,0.14502832293510437,250.0,orchestra_pit
1494,76,2.0,,,,,0.06903152167797089,177.0,home_theater
1495,76,2.0,,,,,0.052312370389699936,35.0,ballroom
1496,77,0.0,,,,,0.08849039673805237,235.0,movie_theater/indoor
1497,77,0.0,,,,,0.08568771183490753,177.0,home_theater
1498,77,0.0,,,,,0.07438616454601288,297.0,science_museum
1499,77,0.0,,,,,0.04644537717103958,131.0,elevator_shaft
1500,77,0.0,,,,,0.04062214493751526,255.0,parking_garage/indoor
1501,77,1.0,,,,,0.08849039673805237,235.0,movie_theater/indoor
1502,77,1.0,,,,,0.08568771183490753,177.0,home_theater
1503,77,1.0,,,,,0.07438616454601288,297.0,science_museum
1504,77,1.0,,,,,0.04644537717103958,131.0,elevator_shaft
1505,77,1.0,,,,,0.04062214493751526,255.0,parking_garage/indoor
1506,77,2.0,,,,,0.5574955940246582,235.0,movie_theater/indoor
1507,77,2.0,,,,,0.10130976885557175,27.0,auditorium
1508,77,2.0,,,,,0.07706212252378464,177.0,home_theater
1509,77,2.0,,,,,0.04732145741581917,16.0,arena/performance
1510,77,2.0,,,,,0.027002710849046707,131.0,elevator_shaft
1511,77,3.0,,,,,0.13825002312660217,85.0,catacomb
1512,77,3.0,,,,,0.08872970938682556,131.0,elevator_shaft
1513,77,3.0,,,,,0.052268318831920624,9.0,aquarium
1514,77,3.0,,,,,0.04955437034368515,342.0,underwater/ocean_deep
1515,77,3.0,,,,,0.042789116501808167,16.0,arena/performance
1516,77,4.0,70.29766082763672,34.6927490234375,144.00668334960938,110.0071792602539,0.43629008531570435,28.0,suitcase
1517,77,4.0,50.07297134399414,65.94042205810547,62.44743347167969,75.51810455322266,0.35504257678985596,9.0,traffic light
1518,77,4.0,,,,,0.09051156044006348,85.0,catacomb
1519,77,4.0,,,,,0.09018027782440186,131.0,elevator_shaft
1520,77,4.0,,,,,0.07550676167011261,342.0,underwater/ocean_deep
1521,77,4.0,,,,,0.05963582545518875,9.0,aquarium
1522,77,4.0,,,,,0.0397048145532608,16.0,arena/performance
1523,78,0.0,,,,,0.04411715269088745,85.0,catacomb
1524,78,0.0,,,,,0.031308453530073166,235.0,movie_theater/indoor
1525,78,0.0,,,,,0.02666432410478592,315.0,stage/indoor
1526,78,0.0,,,,,0.017701037228107452,16.0,arena/performance
1527,78,0.0,,,,,0.016401901841163635,250.0,orchestra_pit
1528,78,1.0,,,,,0.04411715269088745,85.0,catacomb
1529,78,1.0,,,,,0.031308453530073166,235.0,movie_theater/indoor
1530,78,1.0,,,,,0.02666432410478592,315.0,stage/indoor
1531,78,1.0,,,,,0.017701037228107452,16.0,arena/performance
1532,78,1.0,,,,,0.016401901841163635,250.0,orchestra_pit
1533,78,2.0,,,,,0.04655534401535988,315.0,stage/indoor
1534,78,2.0,,,,,0.045213229954242706,16.0,arena/performance
1535,78,2.0,,,,,0.038072194904088974,85.0,catacomb
1536,78,2.0,,,,,0.023373426869511604,231.0,motel
1537,78,2.0,,,,,0.02282947674393654,170.0,hangar/outdoor
1538,78,3.0,,,,,0.08287619054317474,315.0,stage/indoor
1539,78,3.0,,,,,0.06977464258670807,16.0,arena/performance
1540,78,3.0,,,,,0.041194334626197815,235.0,movie_theater/indoor
1541,78,3.0,,,,,0.03786197304725647,170.0,hangar/outdoor
1542,78,3.0,,,,,0.026183487847447395,250.0,orchestra_pit
1543,78,4.0,,,,,0.10421331971883774,315.0,stage/indoor
1544,78,4.0,,,,,0.053143370896577835,235.0,movie_theater/indoor
1545,78,4.0,,,,,0.04293141886591911,16.0,arena/performance
1546,78,4.0,,,,,0.03890344128012657,85.0,catacomb
1547,78,4.0,,,,,0.01950804702937603,1.0,airplane_cabin
1548,79,0.0,,,,,0.03929269686341286,85.0,catacomb
1549,79,0.0,,,,,0.026890411972999573,235.0,movie_theater/indoor
1550,79,0.0,,,,,0.024698494002223015,315.0,stage/indoor
1551,79,0.0,,,,,0.017013007774949074,250.0,orchestra_pit
1552,79,0.0,,,,,0.015283830463886261,16.0,arena/performance
1553,79,1.0,,,,,0.03929269686341286,85.0,catacomb
1554,79,1.0,,,,,0.026890411972999573,235.0,movie_theater/indoor
1555,79,1.0,,,,,0.024698494002223015,315.0,stage/indoor
1556,79,1.0,,,,,0.017013007774949074,250.0,orchestra_pit
1557,79,1.0,,,,,0.015283830463886261,16.0,arena/performance
1558,79,2.0,,,,,0.042194731533527374,85.0,catacomb
1559,79,2.0,,,,,0.0267835333943367,235.0,movie_theater/indoor
1560,79,2.0,,,,,0.024104302749037743,315.0,stage/indoor
1561,79,2.0,,,,,0.01776917651295662,250.0,orchestra_pit
1562,79,2.0,,,,,0.01497432217001915,306.0,sky
