chair,alien,police,agent,black,Sum
1.3219726979732513,1.5045425593852997,1.5371180176734924,1.5517317652702332,1.744740515947342,7.6601055562496185
1.1765446364879608,1.3672231435775757,1.4009225964546204,1.3107106387615204,1.5639476776123047,6.819348692893982
1.648976594209671,1.4725099056959152,1.952708125114441,1.7753239274024963,1.8857524394989014,8.735270991921425
1.2730814069509506,1.270757332444191,1.3433057814836502,1.1549686044454575,1.471465528011322,6.513578653335571
1.1910405308008194,1.6734879910945892,1.5358057916164398,1.5683192610740662,2.1348920464515686,8.103545621037483
1.4526454359292984,1.4747170209884644,1.923812597990036,1.56027352809906,1.8433746695518494,8.254823252558708
0.9134715497493744,1.1478298604488373,1.0433325469493866,1.1156614422798157,1.4584385454654694,5.678733944892883
1.2918545752763748,1.3256285637617111,1.5724322944879532,1.3562125116586685,1.6384244859218597,7.184552431106567
1.3055612593889236,1.5573478043079376,1.3971920534968376,1.6282714530825615,1.7715908288955688,7.659963399171829
0.8257405161857605,0.9267630875110626,0.8125135451555252,0.9222298115491867,0.9301140010356903,4.417360961437225
1.179345577955246,1.1388320326805115,1.3565998673439026,1.3278349339962006,1.4189350605010986,6.421547472476959
1.2467606365680695,1.2154104560613632,1.5883641242980957,1.4046925604343414,1.3988861292600632,6.854113906621933
1.246688112616539,1.6100922226905823,1.3925754129886627,1.2330514937639236,1.6968264281749725,7.17923367023468
1.468543827533722,1.2726546823978424,1.4695085138082504,1.3227292448282242,1.7841096818447113,7.31754595041275
1.260486587882042,1.537241131067276,1.5648171305656433,1.4047416895627975,1.7743988335132599,7.541685372591019
1.480292022228241,1.715018093585968,1.877303957939148,1.721845418214798,1.955896109342575,8.75035560131073
1.2319431900978088,1.3155045807361603,1.3748823702335358,1.3972724229097366,1.8101375699043274,7.129740133881569
1.202109232544899,1.3042688816785812,1.3186600729823112,1.3765917718410492,1.5132260620594025,6.714856021106243
0.98699551820755,1.497719094157219,1.0341494157910347,1.1548303812742233,1.6737647652626038,6.347459174692631
1.2031558901071548,1.3266555964946747,1.1966286152601242,1.3093936741352081,1.4626539200544357,6.498487696051598
1.6061142683029175,1.5432932376861572,1.5547822415828705,1.5623041540384293,1.8198277354240417,8.086321637034416
1.1759048700332642,1.1977935433387756,1.339344248175621,1.2829322814941406,1.4737180471420288,6.46969299018383
1.4997603297233582,1.637646645307541,1.7269847840070724,1.675783097743988,1.778456836938858,8.318631693720818
1.526707798242569,1.453418791294098,1.7769513130187988,1.6087372303009033,1.8080690205097198,8.173884153366089
1.2001234143972397,1.5444256365299225,1.39699387550354,1.1109218448400497,1.8414382338523865,7.093903005123138
1.276580587029457,1.3898952901363373,1.4344307035207748,1.3313925862312317,1.5104726254940033,6.942771792411804
1.2205737084150314,1.5560629665851593,1.5968710780143738,1.4985369145870209,1.7350350618362427,7.607079729437828
1.2024568617343903,1.2119547724723816,1.581438958644867,1.5967313349246979,1.472758799791336,7.065340727567673
1.5834264904260635,1.1402837187051773,1.3700212389230728,1.185511440038681,1.708834946155548,6.988077834248543
1.4033740311861038,1.5118575692176819,1.696627914905548,1.5056250989437103,1.8312455713748932,7.948730185627937
0.9958441853523254,0.9938265681266785,1.1665995121002197,1.3353172540664673,1.2704449594020844,5.762032479047775
1.2395607233047485,1.5266880691051483,1.5530016720294952,1.6013117730617523,1.742041915655136,7.6626041531562805
0.9955201745033264,1.068800076842308,1.1972757279872894,1.3322491347789764,1.2667610347270966,5.860606148838997
1.3182775378227234,1.2684542536735535,1.1065780818462372,1.1462574899196625,1.4143929481506348,6.253960311412811
1.5195378065109253,1.3720336258411407,1.1770782470703125,1.222686767578125,1.4976578801870346,6.788994327187538
1.5689427852630615,1.576248213648796,1.457157015800476,1.653640255331993,1.751550942659378,8.007539212703705
1.2657653391361237,1.6036458909511566,1.1863778978586197,1.3604466021060944,1.779271513223648,7.195507243275642
1.3841816633939743,1.45552197098732,1.462306410074234,1.4565586149692535,1.8440766632556915,7.602645322680473
1.486440271139145,1.4976035952568054,1.6649054288864136,1.5131299793720245,2.0054700076580048,8.167549282312393
1.0067335814237595,1.1363422572612762,1.0966758131980896,0.9518186897039413,1.4538298845291138,5.64540022611618
1.1814554035663605,1.4871254712343216,1.3637342592701316,1.43661829829216,1.7280936241149902,7.197027056477964
1.3578690588474274,1.6607186496257782,1.9629422426223755,1.9840952157974243,1.5920569002628326,8.557682067155838
1.179428368806839,1.7591227293014526,1.549872800707817,1.50002920627594,1.8501548022031784,7.838607907295227
0.8778733611106873,1.1796177625656128,1.150006040930748,1.2601006925106049,1.2272126078605652,5.694810464978218
1.3384244441986084,1.5652901232242584,1.4816815853118896,1.623550921678543,1.7205315232276917,7.729478597640991
1.2141204476356506,1.416278213262558,1.3810993432998657,1.5597761571407318,1.6940072774887085,7.265281438827515
1.0138095617294312,1.206449806690216,1.231100171804428,1.3786055445671082,1.3384688198566437,6.168433904647827
1.1527996510267258,1.4892184734344482,1.3892375528812408,1.5393463373184204,1.6458069682121277,7.216408982872963
1.3126747608184814,1.3195471465587616,1.6200206279754639,1.7782950401306152,1.6160088777542114,7.646546453237534
1.3394819647073746,1.655563861131668,1.5481626093387604,1.4311937987804413,1.8024138808250427,7.776816114783287
1.042364776134491,1.3601574897766113,1.2874559164047241,1.2108110636472702,1.4475184828042984,6.348307728767395
1.2849931567907333,1.5187883377075195,1.487606167793274,1.5386196076869965,1.7233946025371552,7.553401872515678
1.333214282989502,1.4164757579565048,1.5873782634735107,1.7630166411399841,1.6202296316623688,7.72031457722187
1.3049274384975433,1.445403516292572,1.4217097759246826,1.3994028866291046,1.553027182817459,7.124470800161362
1.4720635116100311,1.1505763679742813,1.4569891691207886,2.0114891827106476,1.2838556170463562,7.374973848462105
0.990857494994998,1.3295681327581406,0.9577056989073753,1.2583543211221695,1.6083516329526901,6.1448372807353735
1.0943615138530731,1.4941425025463104,1.4166316390037537,1.479394719004631,1.7486508190631866,7.233181193470955
1.2079964391887188,1.187153648585081,1.3848812654614449,1.5256960988044739,1.592204973101616,6.8979324251413345
1.4899603426456451,1.504411056637764,1.4947883486747742,1.451724261045456,1.7739949822425842,7.7148789912462234
1.3719863146543503,1.0863544344902039,1.456644982099533,1.3752408772706985,1.3982013463974,6.688427954912186
1.7011765539646149,1.5246607065200806,1.6395002603530884,1.4568261951208115,1.999995470046997,8.322159186005592
1.0316205471754074,1.5151667296886444,1.5067357420921326,1.2690037041902542,1.9217012524604797,7.244227975606918
1.328471377491951,1.348603516817093,1.4233773052692413,1.186008259654045,1.7753744423389435,7.061834901571274
1.5686168372631073,1.497880607843399,1.6844101548194885,1.6156811714172363,1.6593123972415924,8.025901168584824
0.9750533998012543,1.307100772857666,1.3079074323177338,1.1412023603916168,1.2815134823322296,6.0127774477005005
1.3880794197320938,1.595822587609291,1.3523006439208984,1.4790008217096329,1.7326610684394836,7.5478645414114
1.2944812774658203,1.817162424325943,1.7964489459991455,1.8204370886087418,1.756409615278244,8.484939351677895
1.0505467653274536,1.248602718114853,1.3576644659042358,1.4660843014717102,1.3107384145259857,6.433636665344238
0.9124791920185089,0.9766864627599716,1.0354916006326675,1.1898230761289597,1.1118191182613373,5.226299449801445
0.6793587654829025,0.8320675566792488,1.0004280060529709,0.9329967424273491,1.098858267068863,4.543709337711334
1.0351468622684479,1.1604846119880676,1.1266191601753235,1.357290506362915,1.2902071475982666,5.969748288393021
0.7562070190906525,0.7811053693294525,0.9296067655086517,0.9163505285978317,0.9016436040401459,4.284913286566734
0.9540583193302155,1.1615463495254517,1.2097373008728027,1.3132156729698181,1.2735710740089417,5.91212871670723
1.1160046458244324,1.2496179789304733,1.3738433122634888,1.327914260327816,1.637382760643959,6.7047629579901695
1.1215596944093704,1.6127096712589264,1.7781744301319122,1.699748694896698,1.7544900178909302,7.966682508587837
1.048984318971634,1.5406521558761597,1.4796360731124878,1.550002098083496,1.6976000368595123,7.31687468290329
1.3958238512277603,1.4903666526079178,1.6158927977085114,1.2927440851926804,1.8460163474082947,7.6408437341451645
1.5515720844268799,1.2830640375614166,1.4941778779029846,1.6123204231262207,1.6177227199077606,7.5588571429252625
1.386898010969162,1.2475625872612,1.4233750998973846,1.4002008438110352,1.4865596890449524,6.944596230983734
0.731481172144413,1.0966290906071663,1.2542547211050987,0.9590393714606762,1.1532056909054518,5.194610046222806
1.0819743946194649,2.193812608718872,1.3208587169647217,1.5405661016702652,1.6128551661968231,7.750066988170147
1.2057224810123444,1.0922006964683533,1.5509513914585114,1.5073557198047638,1.2324966788291931,6.588726967573166
1.2605784088373184,1.4909711480140686,1.5042055249214172,1.4928903579711914,1.5665568113327026,7.315202251076698
1.5865591689944267,1.3307194411754608,1.6391098648309708,1.420089304447174,1.644331008195877,7.6208087876439095
1.373746745288372,1.4111460745334625,1.5400354117155075,1.3671717047691345,1.9072828590869904,7.599382795393467
1.4166602194309235,1.42286017537117,1.5742572844028473,1.5582831799983978,1.9032553732395172,7.875316232442856
1.2810036092996597,1.4512832462787628,1.688804492354393,1.4672639220952988,1.864693433046341,7.753048703074455
1.3570580631494522,1.5130459666252136,1.8886954486370087,1.7801305949687958,1.8696408569812775,8.408570930361748
1.0861426535993814,1.5609434004873037,1.2624375224113464,1.2996302209794521,1.9980402663350105,7.207194063812494
1.2540146857500076,1.3463519215583801,1.5627427399158478,1.4116324931383133,1.4107726961374283,6.985514536499977
0.9806147813796997,1.2101799249649048,1.1551473736763,1.3720272183418274,1.2891457676887512,6.007115066051483
1.2260055840015411,1.5560173988342285,1.596325010061264,1.617909550666809,1.5474027395248413,7.543660283088684
1.0558173060417175,1.1165345907211304,1.1203357428312302,1.3016887605190277,1.288480281829834,5.88285668194294
1.1566416025161743,1.5864888727664948,1.8935778439044952,1.72213414311409,1.7991126477718353,8.15795511007309
1.4033553004264832,1.499879151582718,1.6035559475421906,1.6780359148979187,1.7415867149829865,7.926413029432297
1.315948098897934,1.4217590987682343,1.5062565505504608,1.4167758226394653,1.6490278542041779,7.309767425060272
1.278426468372345,1.1205633878707886,1.5140637755393982,1.3726444840431213,1.3196198046207428,6.605317920446396
1.1864821016788483,1.1370008736848831,1.1537249237298965,1.262712985277176,1.3233791291713715,6.063300013542175
1.6117754578590393,1.4247513115406036,1.5846276581287384,1.66183203458786,1.573690116405487,7.8566765785217285
1.3055890798568726,0.9572335630655289,1.4366092085838318,1.6348887085914612,1.1422377824783325,6.476558342576027
1.251586839556694,1.1851556152105331,1.4375279545783997,1.5027027055621147,1.39956533908844,6.7765384539961815
1.3666586130857468,1.2164630144834518,1.4595944285392761,1.4655263423919678,1.3527123928070068,6.860954791307449
0.9082125574350357,1.0554519593715668,1.0816978365182877,1.1822149157524109,1.3165346384048462,5.544111907482147
1.0265479534864426,0.9582134187221527,1.4506310373544693,1.2064655423164368,1.1728388965129852,5.814696848392487
1.2985191941261292,1.0404485166072845,1.2478024065494537,1.2644661664962769,1.229997605085373,6.081233888864517
1.0304138213396072,0.9945537894964218,1.2145841717720032,1.0439956784248352,1.1130497753620148,5.396597236394882
0.9974695146083832,0.7046808302402496,1.085601031780243,1.2312771677970886,0.8180870115756989,4.837115556001663
1.2036060690879822,1.175799399614334,1.5256871283054352,1.3431157171726227,1.4313207864761353,6.679529100656509
1.0485099256038666,1.0103864222764969,1.363958477973938,1.2033235430717468,1.2535399496555328,5.879718318581581
1.0586685836315155,1.093479961156845,1.243740826845169,1.4092977643013,1.2641664743423462,6.069353610277176
1.254860982298851,1.1612896025180817,1.383966714143753,1.4961755573749542,1.2452573478221893,6.541550204157829
1.23453950881958,1.0760686993598938,1.6053763926029205,1.4933224320411682,1.2391666173934937,6.648473650217056
1.5840515196323395,1.6176390945911407,2.014936923980713,1.8412913382053375,1.8751421868801117,8.933061063289642
1.7134766280651093,1.5155005156993866,1.5717109143733978,1.6701187789440155,1.6975892186164856,8.168396055698395
0.9293100237846375,0.7792414128780365,1.0173225104808807,0.976936936378479,0.9538343548774719,4.656645238399506
1.028373509645462,1.036072850227356,1.2948809564113617,1.1366239041090012,1.0104353427886963,5.506386563181877
1.3515625894069672,1.288229078054428,1.6543550491333008,1.5117040872573853,1.477365404367447,7.283216208219528
1.1803934574127197,1.2159993946552277,1.4767259657382965,1.457446277141571,1.4711069017648697,6.801671996712685
1.0287686064839363,2.7518908977508545,1.6032663881778717,1.6173349916934967,1.8732127845287323,8.874473668634892
1.217623844742775,1.5002502501010895,1.5704742521047592,1.568692222237587,1.8291872441768646,7.686227813363075
1.2458980977535248,1.4758888483047485,1.5063348710536957,1.538324236869812,1.6075380146503448,7.373984068632126
1.116921991109848,1.3523001074790955,1.535715013742447,1.507575809955597,1.4931328892707825,7.00564581155777
0.9741857051849365,1.1827107667922974,1.2294195592403412,1.3463618755340576,1.3765291273593903,6.109207034111023
0.935724526643753,1.1328979134559631,1.1000419557094574,1.2111906707286835,1.2577641606330872,5.637619227170944
1.1501077860593796,1.4545013010501862,1.5313789546489716,1.5893022119998932,1.6020060181617737,7.327296271920204
1.2210770547389984,1.495692104101181,1.5233283638954163,1.6747625470161438,1.5763531029224396,7.491213172674179
1.544676586985588,1.417359098792076,1.6339171826839447,1.4857477396726608,1.873297244310379,7.954997852444649
1.1081345081329346,1.1722606122493744,1.279094636440277,1.3562377393245697,1.2683835923671722,6.184111088514328
1.2024989426136017,1.328322485089302,1.3315608203411102,1.50759057700634,1.7793410122394562,7.14931383728981
1.1842020899057388,1.159201741218567,1.1735347285866737,1.3073032945394516,1.6392373144626617,6.463479168713093
1.2075759172439575,1.1872180253267288,1.2172473073005676,1.2168528139591217,1.4933535307645798,6.3222475945949554
1.2164963781833649,1.3360004127025604,1.5272329449653625,1.45364448428154,1.4464862942695618,6.9798605144023895
1.0486598312854767,1.3249300718307495,1.4598719477653503,1.3671084642410278,1.5297376215457916,6.730307936668396
0.9214302897453308,1.1395686566829681,1.1774099171161652,1.225022092461586,1.2582622170448303,5.72169317305088
0.961430624127388,1.1183212995529175,1.1283213049173355,1.3292572647333145,1.2525935247540474,5.789924018085003
1.172239676117897,1.400340050458908,1.489717274904251,1.6381005942821503,1.5191201567649841,7.219517752528191
1.1599286943674088,1.4759916812181473,1.5348848402500153,1.560404747724533,1.6615912914276123,7.392801254987717
1.31001478433609,1.2988291680812836,1.3831718862056732,1.2821768820285797,1.3717840015888214,6.645976722240448
0.9221453331410885,1.2499230913817883,1.2108102068305016,1.3818592429161072,1.4820076376199722,6.246745511889458
0.9099551737308502,0.7947012931108475,0.905428946018219,0.9669974446296692,1.3013862818479538,4.87846913933754
1.0622944235801697,1.1724264919757843,1.1096539497375488,1.2465421557426453,1.568204253911972,6.15912127494812
1.1922464072704315,1.510314092040062,1.4843162596225739,1.4669852256774902,1.5803495049476624,7.23421148955822
1.3127661794424057,1.3891997635364532,1.7096613347530365,1.803897738456726,1.6139276325702667,7.829452648758888
0.9087743312120438,1.0919037163257599,1.253540739417076,1.2728900760412216,1.2967868521809578,5.823895715177059
1.2186258733272552,1.431462675333023,1.4324630349874496,1.5615313351154327,1.5312746465206146,7.175357565283775
1.2862758040428162,1.4663710594177246,1.587583214044571,1.5856813490390778,1.6440234184265137,7.569934844970703
0.9261759519577026,1.1986046433448792,1.2196042239665985,1.3494985699653625,1.2452062368392944,5.939089626073837
1.170827180147171,1.5044917464256287,1.6116330325603485,1.6081317961215973,1.5451405048370361,7.440224260091782
0.9454590678215027,1.1872247457504272,1.0753355026245117,1.2388133704662323,1.2588752210140228,5.705707907676697
1.2398777902126312,1.3728105127811432,1.382273256778717,1.5997677445411682,1.5671600699424744,7.161889374256134
1.2113383412361145,1.3728296756744385,1.3985063433647156,1.4476272016763687,1.6322620511054993,7.0625636130571365
1.2202304005622864,1.5959679782390594,1.443837359547615,1.6772566437721252,1.5153599381446838,7.45265232026577
1.501424640417099,1.612845927476883,1.7488735616207123,1.7641748189926147,1.8079522848129272,8.435271233320236
1.1583282351493835,1.1159552335739136,1.269894540309906,1.228247344493866,1.49490424990654,6.267329603433609
1.4239540100097656,1.4695037454366684,1.7758772671222687,1.6137082278728485,1.7526141703128815,8.035657420754433
1.2877359837293625,1.5117226541042328,1.5206838250160217,1.5006771683692932,1.6880734860897064,7.508893117308617
1.0327960550785065,1.1674925833940506,1.2729955092072487,1.325494423508644,1.4457987546920776,6.2445773258805275
0.8891176730394363,1.1802358627319336,1.169581115245819,1.281000703573227,1.2630940973758698,5.783029451966286
1.0624667406082153,1.0922600030899048,1.1092042475938797,1.255870521068573,1.2397314310073853,5.759532943367958
1.3648875206708908,1.4956915378570557,1.6380583345890045,1.8257491886615753,1.6821188032627106,8.006505385041237
0.8866481482982635,1.1622287333011627,1.1486117392778397,1.2195373475551605,1.2535314559936523,5.670557424426079
0.9349458515644073,1.1255897879600525,1.2180305123329163,1.3120918273925781,1.3351832330226898,5.925841212272644
1.293842375278473,1.32513926923275,1.5392576456069946,1.556646078824997,1.594421923160553,7.309307292103767
1.1269465386867523,1.1488578468561172,1.1053429692983627,1.0496083498001099,1.376240998506546,5.806996703147888
0.8901959806680679,1.0692646652460098,0.8772934302687645,1.0854669958353043,1.1856042593717575,5.107825331389904
1.2993336617946625,1.4007037729024887,1.3975314795970917,1.4453710466623306,1.450346976518631,6.9932869374752045
1.1358361393213272,1.5408364832401276,1.357052206993103,1.3737854957580566,1.8264137208461761,7.233924046158791
0.754864975810051,1.0309652239084244,0.8566345423460007,0.9361663311719894,1.3886423110961914,4.967273384332657
1.2435280680656433,1.0561169981956482,1.220738410949707,1.2706508040428162,1.3555442243814468,6.1465785056352615
1.4618008136749268,1.447660118341446,1.8214761316776276,1.3768448680639267,1.800788551568985,7.908570483326912
1.228554517030716,1.0547907948493958,1.2398934662342072,1.2529252767562866,1.526614785194397,6.302778840065002
1.596042424440384,1.4331713765859604,2.003742963075638,1.5809189081192017,1.8856549561023712,8.499530628323555
1.1410500407218933,1.1785155236721039,1.1713136732578278,1.1302280724048615,1.343142956495285,5.964250266551971
1.270572006702423,1.4001635611057281,1.5522175431251526,1.7097522616386414,1.5458393096923828,7.478544682264328
0.9980444014072418,1.2218911051750183,1.1931302845478058,1.3237426280975342,1.3982163667678833,6.135024785995483
0.9407673478126526,1.1903188228607178,1.1854423582553864,1.3073919713497162,1.289335161447525,5.913255661725998
1.0281347334384918,1.062094658613205,1.1850352883338928,1.3157648742198944,1.168820083141327,5.759849637746811
0.9285336136817932,1.273315668106079,1.2602472603321075,1.3272294402122498,1.212108314037323,6.001434296369553
0.8387971147894859,1.1178267300128937,1.0386200696229935,1.1531981527805328,1.2689316272735596,5.4173736944794655
1.073779821395874,1.1026759147644043,1.1638502776622772,1.352415919303894,1.2557415664196014,5.948463499546051
1.1100879460573196,1.5968953371047974,1.503398060798645,1.6405580341815948,1.5691634714603424,7.420102849602699
1.4092023074626923,1.4225938320159912,1.415134072303772,1.5293433219194412,1.8541812896728516,7.630454823374748
1.0391485691070557,1.2316359281539917,1.0745986253023148,1.167693242430687,1.255844071507454,5.768920436501503
1.0258775874972343,1.1888702362775803,1.3223732709884644,1.3328856080770493,1.4740524590015411,6.344059161841869
0.9855418801307678,1.1336938738822937,1.345032513141632,1.2813734710216522,1.3212318122386932,6.066873550415039
1.0037125255912542,1.1241861954331398,1.2348629534244537,1.4400616139173508,1.2034482508897781,6.006271539255977
1.2872872799634933,1.5446791350841522,1.623132348060608,1.5806748270988464,1.7418873608112335,7.777660951018333
0.9991180896759033,1.1848933100700378,1.148263230919838,1.3027392029762268,1.2591934204101562,5.894207254052162
1.3063960075378418,1.4619474112987518,1.6319933533668518,1.6776270270347595,1.7102027237415314,7.788166522979736
1.3069596886634827,1.5761889815330505,1.5284901708364487,1.6903200447559357,1.823252260684967,7.925211146473885
0.9034526497125626,1.106718361377716,1.2676848769187927,1.284777581691742,1.1941812634468079,5.756814733147621
1.2662920355796814,1.2689168453216553,1.2647807002067566,1.0121401101350784,1.4825534224510193,6.294683113694191
0.8578120768070221,0.8514180183410645,1.1397294402122498,1.0254110395908356,1.1022243201732635,4.976594895124435
1.967322289943695,1.6160159707069397,1.9313291609287262,1.9205224215984344,1.940741777420044,9.37593162059784
1.4487379789352417,1.6302732229232788,1.6068297922611237,1.8136969208717346,1.9236421585083008,8.42318007349968
1.0899122953414917,1.1241501569747925,1.1868732869625092,1.3095295429229736,1.3474013805389404,6.057866662740707
1.1223104298114777,1.503020852804184,1.4737138748168945,1.487186223268509,1.7864328622817993,7.372664242982864
0.9411534667015076,1.0337212085723877,1.2200074195861816,1.3271420300006866,1.2133397459983826,5.735363870859146
1.002302348613739,1.1148913502693176,1.2243298590183258,1.264371931552887,1.2426156997680664,5.848511189222336
1.2075464576482773,1.3995380848646164,1.5484310388565063,1.2885911613702774,1.7130265533924103,7.157133296132088
1.3141990900039673,1.4168584942817688,1.466016985476017,1.5274204313755035,1.6893644332885742,7.413859434425831
1.170344814658165,1.1999921202659607,1.3480720818042755,1.3154097199440002,1.3034924864768982,6.3373112231493
1.205225095152855,1.032752439379692,1.3660812377929688,1.384381741285324,1.2902382612228394,6.278678774833679
1.2682684287428856,1.6243114173412323,1.67888905107975,1.5684824585914612,1.844436526298523,7.984387882053852
1.429496392607689,1.1806355863809586,1.482397198677063,1.295197457075119,1.5912799537181854,6.979006588459015
1.1495020985603333,1.0510450303554535,1.3477183282375336,1.3851117491722107,1.4127085506916046,6.346085757017136
1.1421308517456055,1.1710402965545654,1.247365191578865,1.14346244931221,1.4955669343471527,6.199565723538399
1.3465980887413025,1.3795705437660217,1.5071889460086823,1.3540348261594772,1.724173218011856,7.31156562268734
1.1619505733251572,1.2640615701675415,1.5438960492610931,1.3794595301151276,1.537737876176834,6.8871055990457535
1.2029049694538116,0.9903411120176315,1.2492931634187698,1.0555647313594818,1.291916161775589,5.790020138025284
1.043727084994316,1.2237805426120758,1.2355365455150604,1.4098608046770096,1.5236023366451263,6.436507314443588
1.264685571193695,1.601897269487381,1.5438317954540253,1.667569249868393,1.7137462198734283,7.791730105876923
0.7499964348971844,2.0526209622621536,1.2588491067290306,1.3782887235283852,1.5814395546913147,7.0211947821080685
1.2869561910629272,1.4242831319570541,1.4396074414253235,1.7223975658416748,1.6238679736852646,7.497112303972244
1.214399665594101,1.5134558081626892,1.4509833753108978,1.5502303540706635,1.6757656037807465,7.404834806919098
0.9714624583721161,0.9838209748268127,1.1275206953287125,1.27036152780056,1.144378885626793,5.497544541954994
1.4712409526109695,1.6722739338874817,1.5172734707593918,1.7347147464752197,1.903485745191574,8.298988848924637
1.3531683832406998,1.6818861812353134,1.889958769083023,1.6573534309864044,1.6480798870325089,8.23044665157795
1.6140271425247192,1.2767000496387482,1.3456029444932938,1.4635610282421112,1.5749396085739136,7.274830773472786
1.1054278016090393,1.1866076588630676,1.1355873942375183,1.1561527848243713,1.6434135735034943,6.227189213037491
1.1953362375497818,1.1224237978458405,1.3412202596664429,1.271302416920662,1.6541924476623535,6.584475159645081
0.7752741873264313,0.7869186699390411,0.757743239402771,0.8817175477743149,1.1301526725292206,4.331806316971779
0.9448242634534836,1.0761647522449493,1.53583362698555,1.1543022096157074,1.2504896521568298,5.96161450445652
1.2095215618610382,1.0688980519771576,1.2463188171386719,1.288825362920761,1.318631887435913,6.132195681333542
1.3793113604187965,1.3016080111265182,1.6347682029008865,1.36728435754776,1.7146092057228088,7.39758113771677
1.393580600619316,1.623784363269806,1.7327198833227158,1.5460204780101776,1.7391279637813568,8.035233289003372
1.2212857827544212,1.1408037543296814,1.3855555206537247,1.3956494331359863,1.277010440826416,6.42030493170023
1.1215546429157257,1.2042193114757538,1.3830345571041107,1.2534026503562927,1.5608486235141754,6.523059785366058
1.5514401197433472,1.670220673084259,1.8691957294940948,1.707148164510727,1.9306574165821075,8.728662103414536
1.2915353924036026,1.5893663167953491,1.4841382801532745,1.4329074919223785,2.402350068092346,8.200297549366951
1.5219485610723495,1.6463959515094757,1.9948850274085999,1.5716127455234528,1.9879124164581299,8.722754701972008
0.8460432589054108,0.8223134130239487,1.0727288722991943,0.9328588247299194,0.950416624546051,4.624360993504524
1.0361005887389183,0.8373469598591328,1.0035208091139793,1.0300341732800007,1.1752615757286549,5.082264106720686
1.0030947960913181,1.2254133224487305,1.1137961521744728,1.1287577003240585,1.212452381849289,5.683514352887869
1.534073293209076,1.6635015606880188,1.8414764702320099,1.5181977599859238,1.9897159337997437,8.546965017914772
1.3691588938236237,1.381595492362976,1.6713334619998932,1.7764504849910736,1.5408409237861633,7.73937925696373
1.4487379789352417,1.6302732229232788,1.6068297922611237,1.8136969208717346,1.9236421585083008,8.42318007349968
1.0257477164268494,1.2612665891647339,1.2018468081951141,1.3896735906600952,1.3174569308757782,6.195991635322571
1.2295136749744415,1.4738360047340393,1.462302178144455,1.6437837034463882,1.5875200033187866,7.396955564618111
1.3452514708042145,1.3960410058498383,1.4520750641822815,1.5661009848117828,1.7886103391647339,7.548078864812851
1.2485982179641724,1.4291619956493378,1.5041101574897766,1.623771607875824,1.6015189588069916,7.407160937786102
1.0228293240070343,1.3250656425952911,1.2543823421001434,1.4040921330451965,1.390062391757965,6.3964318335056305
0.9920097142457962,1.3274076879024506,1.2710915356874466,1.1713786125183105,1.4317609369754791,6.193648487329483
1.1118626445531845,1.4277493357658386,1.387020468711853,1.3030319511890411,1.7387253046035767,6.968389704823494
1.346790373325348,1.5157605409622192,1.5799237489700317,1.4204723536968231,1.7164819240570068,7.579428941011429
1.1289936155080795,1.217097669839859,1.1851222813129425,1.184251606464386,1.3543662428855896,6.069831416010857
1.0484488904476166,1.4574573636054993,1.3436589241027832,1.2926210463047028,1.632801502943039,6.774987727403641
1.365992695093155,1.4972493946552277,1.7112679779529572,1.5113080143928528,1.7662972509860992,7.852115333080292
1.1657130867242813,0.8867187090218067,1.010324638336897,0.9683593288064003,1.206371933221817,5.237487696111202
0.625408336520195,0.6214338839054108,0.5515819191932678,0.6443054527044296,0.8598881363868713,3.3026177287101746
1.144385740160942,1.2874153107404709,1.3948475271463394,1.3014619648456573,1.7441474497318268,6.8722579926252365
1.2291599214076996,1.4669485539197922,1.355490654706955,1.3985099792480469,1.8836427628993988,7.333751872181892
0.7900149822235107,0.8853183090686798,0.7556255459785461,0.950790673494339,1.2338766306638718,4.6156261414289474
1.1069590263068676,1.16111546382308,1.4065164849162102,1.4551492184400558,1.2805319875478745,6.410272181034088
1.0517406463623047,1.3852729797363281,1.347395420074463,1.2348857522010803,1.3597747683525085,6.379069566726685
1.3867905884981155,1.3696490973234177,1.5629804134368896,1.6397835910320282,1.6208729147911072,7.580076605081558
1.1373412758111954,1.0243580043315887,1.2380837500095367,1.226108878850937,1.196824699640274,5.822716608643532
1.081997498869896,0.9433393627405167,1.060678407549858,1.2232492864131927,1.0574840307235718,5.366748586297035
1.4752030670642853,1.337472915649414,1.5522471964359283,1.6123404055833817,1.5869243741035461,7.5641879588365555
1.269925281405449,1.2518119513988495,1.9306815564632416,1.7136495411396027,1.4692207425832748,7.6352890729904175
1.448824167251587,1.6553081274032593,1.395213007926941,1.56351700425148,1.7973190248012543,7.8601813316345215
1.3365038707852364,1.276508241891861,1.6444998234510422,1.4271606504917145,1.485490769147873,7.170163355767727
1.536015048623085,1.5265706330537796,1.8717793971300125,1.5899420380592346,1.8884713649749756,8.412778481841087
1.413676530122757,1.6569743752479553,1.854300707578659,1.7118476033210754,2.200526386499405,8.837325602769852
1.3609136939048767,1.545990213751793,1.749958097934723,1.7037109434604645,1.9158515632152557,8.276424512267113
1.2240227460861206,1.346852570772171,1.5650274753570557,1.494400218129158,1.854578971862793,7.484881982207298
1.4575497210025787,1.4511195421218872,1.7067936062812805,1.5824482440948486,1.8333216309547424,8.031232744455338
1.5134051442146301,1.81167733669281,1.7127566933631897,1.6572356224060059,2.593912661075592,9.288987457752228
1.6189483106136322,1.9083825945854187,1.8579832017421722,1.7745905816555023,2.0138993561267853,9.17380404472351
1.4621165096759796,1.5450590252876282,1.581952691078186,1.8672681748867035,1.6585312485694885,8.114927649497986
0.9491092041134834,1.9550516605377197,1.5798044800758362,1.5844686627388,1.6857273876667023,7.754161395132542
1.0150288194417953,1.5083867013454437,1.4981166571378708,1.3918050229549408,1.5449413359165192,6.95827853679657
0.9384975433349609,1.211782455444336,1.091624677181244,1.344951182603836,1.313643455505371,5.900499314069748
1.181996375322342,1.566313087940216,1.373170167207718,1.5568535923957825,1.6812673807144165,7.359600603580475
1.4918677061796188,1.7598199844360352,1.8152539432048798,1.7100149393081665,1.6847123801708221,8.461668953299522
1.4792399257421494,1.6288390755653381,1.6788077652454376,1.5784242451190948,1.7345998585224152,8.099910870194435
0.9599662274122238,0.9899798631668091,1.161991536617279,1.0701628476381302,1.3566407561302185,5.538741230964661
1.0778043419122696,1.2143622189760208,1.263957604765892,1.2347227931022644,1.4036630541086197,6.1945100128650665
1.2912064716219902,1.3325164020061493,1.4715884774923325,1.5043211877346039,1.8118647336959839,7.41149727255106
1.4553304016590118,1.3889900892972946,1.7840545177459717,1.5659862756729126,1.7386322617530823,7.932993546128273
1.222144827246666,1.4949022233486176,1.5031560361385345,1.4132386445999146,1.7421644628047943,7.375606194138527
0.8722033333033323,1.1112412121146917,0.9208968579769135,0.8706868588924408,1.5329785868525505,5.308006849139929
1.4667395055294037,1.8580012619495392,1.9564643800258636,1.8796490728855133,1.9411234855651855,9.101977705955505
1.3681649565696716,1.23643010109663,1.5543804168701172,1.3330058306455612,1.747462809085846,7.239444114267826
1.2408502995967865,1.2519838213920593,1.3747521936893463,1.312013879418373,1.3634195029735565,6.543019697070122
1.1768757998943329,1.354398712515831,1.7069635838270187,1.4576232135295868,1.6745150089263916,7.370376318693161
1.1844690442085266,1.3839312642812729,1.5835181772708893,1.7058404982089996,1.5305722951889038,7.388331279158592
0.9104890823364258,1.2298460006713867,1.23887899518013,1.330203354358673,1.3447501063346863,6.054167538881302
1.0156096816062927,1.1757648587226868,1.166234940290451,1.3028250336647034,1.2921568155288696,5.9525913298130035
1.2172259986400604,1.2805624306201935,1.390579491853714,1.6154015213251114,1.5258178114891052,7.0295872539281845
0.9268291145563126,1.1392741203308105,1.131996527314186,1.2735216617584229,1.2583466172218323,5.729968041181564
1.2890865951776505,1.1520729959011078,1.47112575173378,1.3696278482675552,1.602981984615326,6.884895175695419
1.4646205753087997,1.3258589208126068,1.6843169033527374,1.602171391248703,1.4579209089279175,7.5348886996507645
1.4529302418231964,1.4385477006435394,1.8378249406814575,1.5635869950056076,1.781830221414566,8.074720099568367
1.4910558760166168,1.591021716594696,1.7796305418014526,1.7623716294765472,1.8014291524887085,8.425508916378021
1.1501077860593796,1.4545013010501862,1.5313789546489716,1.5893022119998932,1.6020060181617737,7.327296271920204
1.4487379789352417,1.6302732229232788,1.6068297922611237,1.8136969208717346,1.9236421585083008,8.42318007349968
1.0350090973079205,1.3350594714283943,1.2694688886404037,1.4276283755898476,1.5664696544408798,6.633635487407446
1.147690623998642,1.382291004061699,1.444073110818863,1.4321545362472534,1.5800491124391556,6.986258387565613
1.0502062141895294,1.2003997415304184,1.0701448395848274,1.090798258781433,1.301051303744316,5.7126003578305244
1.1141966134309769,1.2329153418540955,1.3170706927776337,1.2561630010604858,1.5051420629024506,6.425487712025642
0.7238109111785889,0.7016366124153137,0.8579378128051758,0.7485264241695404,0.8503988683223724,3.882310628890991
1.0108832158148289,1.2780713140964508,1.0878773406147957,1.2090542763471603,1.3643345832824707,5.950220730155706
1.3740967214107513,1.3843933120369911,1.461863063275814,1.463072419166565,1.6424550116062164,7.325880527496338
0.0,0.0,0.0,0.0,0.0,0.0
1.3231361508369446,1.739413559436798,1.6192463040351868,1.5562712252140045,1.6045518219470978,7.842619061470032
0.9229134768247604,0.8400667011737823,1.1484877169132233,0.9433870911598206,1.1602610349655151,5.015116021037102
1.0840152949094772,1.6329112350940704,1.5659203827381134,1.6218422204256058,1.9856687486171722,7.890357881784439
0.961446076631546,1.1724755465984344,1.136730208992958,1.05163112282753,1.2554157078266144,5.577698662877083
0.6846160292625427,0.8247683793306351,0.8559108227491379,1.0658369958400726,0.9874953031539917,4.41862753033638
1.4530524015426636,1.5932187139987946,1.6347225308418274,1.650741308927536,2.027822196483612,8.359557151794434
1.349605143070221,1.431167095899582,1.4598139226436615,1.2572411596775055,1.761331170797348,7.259158492088318
1.276753693819046,1.396301120519638,1.5157363414764404,1.3163930475711823,1.5581757873296738,7.0633599907159805
1.2394858300685883,1.432112455368042,1.403822273015976,1.2586079835891724,1.8930871784687042,7.227115720510483
1.0914503782987595,1.2619756124913692,1.434229552745819,1.2899592481553555,1.428276002407074,6.505890794098377
1.5062527358531952,1.4112885892391205,1.8022842705249786,1.5151485800743103,1.8926253020763397,8.127599477767944
1.3379434645175934,1.3471652418375015,1.7156883776187897,1.3882323652505875,1.5458333939313889,7.334862843155861
1.657953143119812,1.4685897827148438,1.715395987033844,1.5913218259811401,2.0744504034519196,8.50771114230156
1.590686023235321,1.7820207178592682,1.8267776370048523,1.81812584400177,1.7070800065994263,8.724690228700638
1.518543317914009,1.4509283304214478,1.8077104985713959,1.6083028614521027,1.6830759346485138,8.06856094300747
0.8915621675550938,1.148586094379425,1.2695147171616554,1.132848784327507,1.3158657848834991,5.75837754830718
0.8827506303787231,1.048724114894867,0.8703761249780655,0.9437927305698395,1.1497929096221924,4.895436510443687
0.9641865193843842,1.185864396393299,1.0670791640877724,1.0396607220172882,1.2587081044912338,5.515498906373978
1.4396572709083557,1.4928465783596039,1.754130780696869,1.4563818126916885,1.78764209151268,7.930658534169197
1.3706453293561935,1.5968256294727325,1.7147313058376312,1.5195743441581726,1.8330268859863281,8.034803494811058
1.0287914723157883,0.8179969489574432,0.7277183532714844,0.7143898755311966,0.9704433977603912,4.259340047836304
1.313188910484314,1.5267702341079712,1.601404070854187,1.6473314762115479,1.5538339018821716,7.642528593540192
1.2588412165641785,1.507483422756195,1.3896782100200653,1.4280481934547424,1.602533221244812,7.186584264039993
0.9104890823364258,1.2298460006713867,1.23887899518013,1.330203354358673,1.3447501063346863,6.054167538881302
1.136805146932602,1.5111925601959229,1.491550862789154,1.6618981957435608,1.5940624475479126,7.395509213209152
1.2918879389762878,1.606886237859726,1.477704405784607,1.5262742638587952,2.165166914463043,8.067919760942459
0.9328668564558029,1.1715002357959747,1.2429158985614777,1.3045976758003235,1.2644980549812317,5.9163787215948105
1.2495847344398499,1.6081684827804565,1.610062688589096,1.688806414604187,1.7423055171966553,7.898927837610245
1.2783991992473602,1.7434269189834595,1.747159093618393,1.797587126493454,1.8103504478931427,8.37692278623581
1.3515811264514923,1.4537695944309235,1.4353547096252441,1.6976935267448425,1.6839540600776672,7.62235301733017
1.399245485663414,1.439695343375206,1.4007607251405716,1.560393363237381,1.8122870922088623,7.612382009625435
0.9624866843223572,1.2240966856479645,1.1195237189531326,1.3838952779769897,1.2180546522140503,5.908057019114494
0.723341166973114,0.8280588984489441,0.9152223765850067,1.0211411714553833,0.9357027411460876,4.423466354608536
1.0197245180606842,1.5049654990434647,1.3725987374782562,1.3988337814807892,1.50288687646389,6.799009412527084
1.8182426244020462,1.641751915216446,1.669169396162033,1.767486810684204,1.8315475285053253,8.728198274970055
1.2726184874773026,1.816511482000351,1.2967276573181152,1.3292216658592224,1.715486615896225,7.430565908551216
1.335988163948059,1.4149851202964783,1.6323677152395248,1.5490750223398209,1.5857145488262177,7.518130570650101
0.8056027144193649,1.2174862027168274,1.1703765094280243,1.0150030553340912,1.102326363325119,5.310794845223427
0.773162841796875,1.475924402475357,1.5039043426513672,1.2140133380889893,1.263758808374405,6.230763733386993
0.9843268096446991,0.738501787185669,1.1826280057430267,1.2707743048667908,0.8659559786319733,5.042186886072159
1.2364084869623184,1.2003152817487717,1.5146883130073547,1.5404559075832367,1.4364693760871887,6.92833736538887
1.3559899926185608,1.503512367606163,1.854307770729065,1.7538776397705078,1.6285353899002075,8.096223160624504
0.8090249598026276,0.9751318544149399,1.1594136655330658,1.083502471446991,1.1575928032398224,5.184665754437447
1.4508599042892456,1.5795445144176483,1.7608013153076172,1.7834048718214035,1.7564204931259155,8.33103109896183
1.3059979677200317,0.9884078800678253,1.2793252766132355,1.3451209664344788,1.3991846442222595,6.318036735057831
0.6857241690158844,0.706256091594696,0.7001560628414154,0.7958821356296539,0.8259816765785217,3.7140001356601715
1.118705004453659,1.0588624477386475,1.2085009664297104,1.1843693405389786,1.332828015089035,5.9032657742500305
0.7503982037305832,0.7869681417942047,0.9542865753173828,0.8787297904491425,0.9037626683712006,4.274145379662514
1.104515627026558,1.0726718455553055,1.6862474381923676,1.3236762434244156,1.3368244916200638,6.52393564581871
1.3327432423830032,1.3078247606754303,1.7456052899360657,1.6199193447828293,1.4821353107690811,7.48822794854641
1.4998702704906464,0.9845477044582367,1.1606110632419586,1.2241452932357788,1.4960767924785614,6.365251123905182
0.7581051141023636,0.7600201368331909,1.0197763442993164,0.7468593716621399,1.0114506781101227,4.2962116450071335
1.300362005829811,1.3033188432455063,1.566370964050293,1.3307958096265793,1.6700756251811981,7.170923247933388
1.0150871872901917,1.1372980177402496,1.297024890780449,1.3901020288467407,1.2930827140808105,6.1325948387384415
0.8639812171459198,1.0361153185367584,0.8521474897861481,1.0342259109020233,0.9750258922576904,4.76149582862854
0.7937157116830349,0.7934495620429516,0.9259483143687248,1.0769266486167908,1.0048876255750656,4.594927862286568
1.4886182695627213,1.43517604470253,1.5928259491920471,1.8238243460655212,1.5854650139808655,7.925909623503685
1.0297123193740845,0.7868424654006958,1.0074744895100594,1.042338415980339,1.0339626669883728,4.9003303572535515
1.4552820846438408,1.430238276720047,1.7460948377847672,1.5778478980064392,1.7024018168449402,7.911864914000034
0.6909507513046265,0.622018963098526,0.8562118113040924,0.6975682973861694,0.663675844669342,3.5304256677627563
1.2179135382175446,1.060592532157898,1.3920011222362518,1.1626776158809662,1.2489311248064041,6.082115933299065
1.3714804649353027,1.3281034976243973,1.4864143282175064,1.4271526336669922,1.5738660097122192,7.187016934156418
1.5448698550462723,1.4690026491880417,1.7092994302511215,1.5988549888134003,1.839336633682251,8.161363556981087
0.7521878480911255,0.848380833864212,1.2098583281040192,1.0734868943691254,0.9872525334358215,4.871166437864304
1.5867175161838531,1.4717113673686981,1.4817763268947601,1.3221744745969772,1.5935286283493042,7.455908313393593
1.2315764725208282,1.7462726533412933,1.4417211413383484,1.4384720623493195,1.7381684333086014,7.596210762858391
1.109520211815834,1.5783149898052216,1.8888239562511444,1.4342489838600159,1.7040442824363708,7.714952424168587
1.3787218779325485,1.4660590589046478,1.5980920940637589,1.469726711511612,1.7355961203575134,7.648195862770081
1.444053292274475,1.5117793381214142,1.4129124730825424,1.5733147263526917,1.785887986421585,7.727947816252708
1.4253731817007065,1.5254507958889008,1.7752572894096375,1.7556344866752625,1.760222852230072,8.24193860590458
0.9666889309883118,1.262460470199585,1.2975090444087982,1.4070237278938293,1.3911535739898682,6.3248357474803925
1.346775308251381,1.548215091228485,1.8782694935798645,1.7217077910900116,1.7215787172317505,8.216546401381493
1.3023052364587784,1.377144604921341,1.7117432057857513,1.6273073852062225,1.5377411246299744,7.556241557002068
1.2398508489131927,1.4434385895729065,1.5511287152767181,1.603575736284256,1.6511104702949524,7.489104360342026
1.4562420547008514,1.4983858466148376,1.6851218342781067,1.6963869631290436,1.6442321836948395,7.980368882417679
1.31619393825531,1.6166990101337433,1.7479682266712189,1.7937045395374298,1.5982098877429962,8.072775602340698
1.232041835784912,1.608226716518402,1.6349846869707108,1.5429577231407166,1.6922122538089752,7.710423216223717
1.16170784085989,1.5518333315849304,1.577104851603508,1.5933278799057007,1.5334376990795135,7.417411603033543
1.1386340260505676,1.089946210384369,1.4196517169475555,1.4443252384662628,1.2487380355596542,6.341295227408409
1.0096119418740273,0.7798230368643999,1.0269577912986279,0.9795622378587723,1.1022393181920052,4.8981943260878325
1.131544679403305,1.1730557978153229,1.271426022052765,1.2151809185743332,1.414282739162445,6.205490157008171
1.5318878144025803,1.2051604688167572,1.3701434284448624,1.4420252740383148,1.9155056774616241,7.464722663164139
0.9008260145783424,0.939053937792778,0.9336102828383446,1.0700860172510147,1.2579550743103027,5.1015313267707825
1.1573565416038036,1.1432711593806744,1.3942038044333458,1.1877995133399963,1.5908135622739792,6.473444581031799
1.4285868406295776,1.7015346586704254,1.531780332326889,1.4712729156017303,2.041919618844986,8.175094366073608
1.1597819328308105,1.0795974731445312,1.3839020133018494,1.3088363111019135,1.4605295211076736,6.392647251486778
1.1487286686897278,1.2926470637321472,1.3076331913471222,1.2450831234455109,1.4902415871620178,6.484333634376526
1.2598368972539902,1.4461291432380676,1.5491863787174225,1.5159659832715988,1.5500551015138626,7.321173503994942
1.241990938782692,1.4267034381628036,1.3562635257840157,1.3811714798212051,1.6248523592948914,7.030981741845608
0.7403886020183563,0.7727163583040237,0.859565369784832,0.8269505053758621,0.964413583278656,4.16403441876173
1.2754875272512436,1.427130177617073,1.4049553498625755,1.3639736622571945,1.6788809895515442,7.150427706539631
1.5843436419963837,1.667452722787857,1.6858545243740082,1.6870881915092468,1.8899337947368622,8.514672875404358
1.5358495116233826,1.4212442189455032,1.830204725265503,1.693013608455658,1.8926397562026978,8.372951820492744
1.040395874530077,1.2862339913845062,1.1350818201899529,1.2278395593166351,1.3797519505023956,6.069303195923567
1.5554144084453583,1.6492590606212616,1.7308650612831116,1.6847009658813477,1.7366960644721985,8.356935560703278
1.2595755755901337,1.5033878684043884,1.4507860839366913,1.407193347811699,1.627167209982872,7.248110085725784
0.723341166973114,0.8280588984489441,0.9152223765850067,1.0211411714553833,0.9357027411460876,4.423466354608536
1.3667379915714264,1.5182273089885712,1.631532683968544,1.6421562433242798,1.5550767481327057,7.713730975985527
1.456889346241951,1.6456614136695862,1.6998703181743622,1.8275867998600006,1.8722308576107025,8.502238735556602
1.30208258330822,1.6469008028507233,1.7699017524719238,1.7510068714618683,1.6067428588867188,8.076634868979454
1.4564792662858963,1.4656299650669098,1.6925749480724335,1.6654928922653198,1.6162811517715454,7.896458223462105
1.1259355992078781,1.5615834295749664,1.6954996287822723,1.5208818763494492,1.5884618163108826,7.492362350225449
1.2097230702638626,1.4510862976312637,1.5617620348930359,1.4185648262500763,1.6159618347883224,7.257098063826561
1.278164654970169,1.211669385433197,1.4351633191108704,1.2561512142419815,1.5398313105106354,6.720979884266853
0.9760638177394867,1.155847191810608,1.3497065305709839,1.282379150390625,1.2804377377033234,6.044434428215027
0.7988297939300537,1.3314456194639206,1.1196570470929146,1.2744459509849548,1.4899932593107224,6.014371670782566
0.7832382991909981,1.2832929193973541,1.026404470205307,1.2672108560800552,1.2434900999069214,5.603636644780636
0.784379206597805,1.1675944030284882,1.0481480956077576,1.055202528834343,1.2753809988498688,5.3307052329182625
1.0016975179314613,1.4020844846963882,1.4317341446876526,1.4937638491392136,1.580808848142624,6.91008884459734
0.9965808913111687,1.597889468073845,1.2985685169696808,1.5551930516958237,1.538072943687439,6.986304871737957
0.9682430550456047,1.4010990262031555,1.2227969616651535,1.2774437367916107,1.514910876750946,6.3844936564564705
1.2305772453546524,1.3239072412252426,1.2386516593396664,1.4433482736349106,1.522304579615593,6.758788999170065
1.307895764708519,1.0040821135044098,1.4086456298828125,1.528264343738556,1.004303514957428,6.253191366791725
0.5110903084278107,0.5758269727230072,0.6479223072528839,0.7794931530952454,0.6205861866474152,3.1349189281463623
1.185970515012741,1.1295281648635864,1.2342866361141205,1.4044896364212036,1.1416422426700592,6.095917195081711
1.4405400902032852,1.3432464897632599,1.7267789542675018,1.5533453226089478,1.7612876296043396,7.825198486447334
0.46744272112846375,0.6366886794567108,0.834781289100647,0.6700310707092285,0.6539952456951141,3.262939006090164
0.7105849236249924,0.7430528998374939,0.8201686143875122,0.8612935692071915,1.013430505990982,4.148530513048172
1.0157242864370346,1.0205741226673126,1.3529835045337677,1.1559546291828156,1.2730868756771088,5.818323418498039
0.6889724582433701,0.8728362023830414,0.8554999679327011,0.9032005667686462,1.0030974745750427,4.3236066699028015
0.884044986218214,1.3724129870533943,1.3185439854860306,1.3040869608521461,1.4132184535264969,6.292307373136282
1.622280091047287,1.3569672107696533,1.7737861275672913,1.7405786514282227,1.680165097117424,8.173777177929878
1.0856565237045288,1.4198151677846909,1.2965372055768967,1.011641040444374,1.622103601694107,6.4357535392045975
1.2544438615441322,1.3377594947814941,1.475018486380577,1.4061349630355835,1.5509337782859802,7.024290584027767
1.2051978707313538,1.0601804107427597,1.2321607619524002,1.1692116856575012,1.2458043992519379,5.912555128335953
1.0679563283920288,1.1781743615865707,1.1343253999948502,1.032540112733841,1.424841731786728,5.8378379344940186
0.6986198965460062,1.0917190071195364,0.8689049184322357,0.9118259213864803,1.2318656519055367,4.802935395389795
0.8331595361232758,1.029565453529358,1.1109031736850739,1.1549527645111084,1.2129057943820953,5.341486722230911
1.32786725461483,1.4110480546951294,1.6581308841705322,1.435928925871849,1.7122128307819366,7.545187950134277
1.2177155837416649,1.5806257128715515,1.5881896018981934,1.3716641962528229,1.834162563085556,7.592357657849789
1.288978323340416,1.260921224951744,1.6664837002754211,1.5569311678409576,1.539923995733261,7.3132384121418
1.318873405456543,1.3380106389522552,1.5006626546382904,1.5730866193771362,1.4358362257480621,7.166469544172287
1.5570322573184967,1.6031114161014557,1.7167538851499557,1.659393161535263,1.7757605016231537,8.312051221728325
1.2134140580892563,1.2616682946681976,1.5186950415372849,1.3633109331130981,1.488201528787613,6.84528985619545
1.0947468616068363,1.4219895899295807,1.394569180905819,1.4516840726137161,1.5821937024593353,6.945183407515287
1.5558985322713852,1.3951551616191864,1.7566503584384918,1.6288458108901978,1.863974243402481,8.200524106621742
1.0909402668476105,1.1404033601284027,1.2842921316623688,1.1611549854278564,1.3048551678657532,5.981645911931992
1.4793292135000229,1.61844602227211,1.7403079271316528,1.660709798336029,1.6802264153957367,8.179019376635551
1.6019373387098312,1.4052861779928207,1.9161720275878906,1.8280176222324371,1.6834918856620789,8.434905052185059
1.0017672926187515,1.1376802325248718,1.1605970710515976,1.0078534632921219,1.2639008909463882,5.571798950433731
1.0856763124465942,1.1584478616714478,1.1097849756479263,1.0761945396661758,1.4589139819145203,5.889017671346664
1.2412712126970291,1.544985294342041,1.566027671098709,1.595125675201416,1.6743698716163635,7.621779724955559
0.9698018431663513,1.2686733156442642,1.2133264392614365,1.3115567862987518,1.4580283463001251,6.221386730670929
1.3535539209842682,1.6052376925945282,1.7292324602603912,1.754440814256668,1.5543712973594666,7.996836185455322
1.0110768675804138,0.9588911831378937,1.179084986448288,1.038735270500183,1.1092774271965027,5.297065734863281
1.1473426669836044,1.1228152811527252,1.3179771900177002,1.3227289021015167,1.2928753197193146,6.203739359974861
1.3870450854301453,1.4538735151290894,1.4896803200244904,1.7847385108470917,1.754648596048355,7.869986027479172
0.8228348642587662,1.4102959334850311,1.0001286268234253,1.0939960330724716,1.3438716232776642,5.671127080917358
1.3228147625923157,1.2894044518470764,1.2588216662406921,1.3256298303604126,1.6372701227664948,6.833940833806992
1.1913479566574097,1.4087594747543335,1.2367425709962845,1.2587857693433762,1.504688411951065,6.600324183702469
0.893760159611702,1.089536014944315,0.9112659990787506,1.0144956782460213,1.3295027911663055,5.238560643047094
0.8831307142972946,1.124936804175377,1.1106280535459518,1.0734144300222397,1.2629437446594238,5.455053746700287
1.1916979625821114,1.3592939525842667,1.3536620363593102,1.2573402374982834,1.7295286655426025,6.891522854566574
0.9379184022545815,1.1613094210624695,1.084983266890049,0.9476353079080582,1.3843394219875336,5.516185820102692
1.2483370304107666,1.1154554784297943,1.4201812744140625,1.3234049379825592,1.4352527260780334,6.542631447315216
0.30930350720882416,0.4608051925897598,0.4245286285877228,0.4446065425872803,0.571735292673111,2.210979163646698
0.9551023691892624,0.9241028279066086,1.0290794670581818,1.0547322481870651,1.1771844327449799,5.140201345086098
0.815373994410038,0.866983100771904,0.6807247847318649,0.8287372440099716,0.9919977337121964,4.183816857635975
0.947030171751976,1.0991936177015305,1.1249801218509674,1.1781597584486008,1.3125788867473602,5.661942556500435
1.0426104664802551,0.9538286626338959,1.046315997838974,1.0581942051649094,1.1924159228801727,5.293365254998207
1.0735388845205307,1.1243059039115906,1.2298614382743835,1.377933830022812,1.1358321607112885,5.941472217440605
1.0594056993722916,1.3208955526351929,1.621494472026825,1.5479551255702972,1.736395239830017,7.286146089434624
1.389743059873581,1.0020820051431656,0.9811773151159286,0.9539328515529633,1.3374323844909668,5.664367616176605
1.1088530272245407,1.3961564898490906,1.3313661962747574,1.3323688507080078,1.6432141214609146,6.811958685517311
1.2365278452634811,1.402358129620552,1.2727185487747192,1.4147389978170395,1.8717804849147797,7.198124006390572
1.1115362793207169,1.4211507737636566,1.5479846596717834,1.6258190721273422,1.7895329296588898,7.496023714542389
0.8679389804601669,0.6889555975794792,0.9969478026032448,0.9206508100032806,0.955080047249794,4.429573237895966
0.7930335253477097,0.6251081302762032,1.0186103656888008,0.8427989035844803,0.9672503620386124,4.246801286935806
0.9686682187020779,1.0192323587834835,1.440851591527462,1.0783080905675888,1.290677785873413,5.797738045454025
0.8048555962741375,0.9343771152198315,1.2151035889983177,1.1299031972885132,1.209653601050377,5.293893098831177
1.0295625627040863,0.6763370037078857,0.8423345685005188,0.9112118780612946,1.025523453950882,4.484969466924667
1.3980726897716522,1.3627127557992935,1.423957735300064,1.520934283733368,1.7277325093746185,7.433409973978996
1.2147012054920197,1.2693266868591309,1.3279769718647003,1.1460211873054504,1.3734912276268005,6.331517279148102
1.2678669691085815,1.2221162617206573,1.3142168819904327,1.4854784309864044,1.3810949623584747,6.670773506164551
1.053876668214798,1.1633555442094803,1.0980989784002304,1.0981020405888557,1.198169618844986,5.61160285025835
0.963005505502224,1.4343816637992859,1.2098157852888107,1.3125962316989899,1.5016911625862122,6.421490348875523
0.8092219606041908,1.1275752782821655,1.253703348338604,1.2298077642917633,1.3040368407964706,5.724345192313194
0.886663056910038,1.1691864430904388,1.1925520226359367,1.27297842502594,1.3130122870206833,5.834392234683037
0.5950841084122658,0.858132392168045,0.8572431728243828,0.9866737425327301,0.9305702298879623,4.227703645825386
0.8247523084282875,1.031310886144638,1.2006817385554314,1.2348950654268265,1.1803421825170517,5.471982181072235
0.9787408038973808,1.240255355834961,1.1900111138820648,1.3314318805932999,1.290861189365387,6.031300343573093
0.8812338337302208,1.3445410132408142,1.300593912601471,1.3711693286895752,1.5364952683448792,6.43403335660696
1.083284206688404,1.5313635766506195,1.409516952931881,1.593288630247116,1.6781317740678787,7.295585140585899
0.5274988021701574,0.8916003108024597,0.6915344595909119,0.8299473561346531,0.8724466264247894,3.8130275551229715
0.8533570021390915,0.7699830085039139,1.0147309228777885,1.1650256961584091,0.9636062234640121,4.766702853143215
1.324780747294426,1.4580877423286438,1.6260695159435272,1.4686311334371567,1.4913071691989899,7.3688763082027435
1.259490266442299,1.3538697808980942,1.784908801317215,1.5387802124023438,1.479125827550888,7.41617488861084
1.0924097448587418,1.6930460333824158,1.601714238524437,1.4383674561977386,1.5134407579898834,7.3389782309532166
0.8844347894191742,0.6458316147327423,0.9457561671733856,0.8965979814529419,0.8607857823371887,4.233406335115433
1.0136643946170807,0.8384152352809906,1.1688601076602936,1.0014569759368896,0.896154373884201,4.918551087379456
0.6802545785903931,0.7175709158182144,0.9399526715278625,0.9008601009845734,0.9178527593612671,4.1564910262823105
1.4274990409612656,1.1625773757696152,1.6177966594696045,1.5833645164966583,1.5674689412117004,7.358706533908844
1.365190401673317,1.1880815252661705,1.4890093803405762,1.3926349133253098,1.674878180027008,7.109794400632381
1.4168568551540375,1.1922976523637772,1.5728169083595276,1.5349635481834412,1.606862872838974,7.323797836899757
0.9669498652219772,1.3902989029884338,1.3610795736312866,1.2092245519161224,1.5565549433231354,6.4841078370809555
1.2819389253854752,1.3928719460964203,1.4379403591156006,1.3181021958589554,1.7334580719470978,7.164311498403549
1.309323489665985,1.3914854824543,1.3825762569904327,1.4285480082035065,1.7190777361392975,7.231010973453522
1.3991323336958885,1.371433049440384,1.255494624376297,1.037485271692276,1.3125744760036469,6.376119755208492
1.2808763086795807,1.5402538478374481,1.484276831150055,1.3768189549446106,1.8078881800174713,7.490114122629166
1.135840266942978,1.1259292364120483,1.4772559106349945,1.3522849678993225,1.4006183743476868,6.49192875623703
0.6315984427928925,1.0654059052467346,0.9886118173599243,0.8026352524757385,0.9980553388595581,4.486306756734848
0.6205512583255768,1.052132785320282,0.8923991024494171,0.8289440274238586,1.2242286205291748,4.618255794048309
0.7725346684455872,0.8898902535438538,0.8690046072006226,0.8508188128471375,1.141606718301773,4.523855060338974
0.8190907686948776,0.8370535969734192,0.7511101514101028,0.8071899861097336,1.0269543528556824,4.241398856043816
0.7303419709205627,0.7142524123191833,0.6641025841236115,0.727332353591919,0.9081202745437622,3.7441495954990387
1.2407991830259562,1.231540596112609,1.2977471351623535,1.2881146632134914,1.705781377851963,6.763982955366373
1.181931659579277,1.307988315820694,1.350563883781433,1.3599541187286377,1.4936138987541199,6.694051876664162
1.6038279831409454,1.3719149976968765,1.744255691766739,1.6728541254997253,1.6595156490802765,8.052368447184563
1.1426194198429585,1.2677145451307297,1.328295610845089,1.2831396013498306,1.6120292842388153,6.633798461407423
1.132477581501007,1.071377456188202,1.3105788230895996,1.2725599110126495,1.206822156906128,5.993815928697586
1.090842291712761,1.3514805138111115,1.3080868422985077,1.3181679546833038,1.4307814240455627,6.499359026551247
1.380740001797676,1.4301025569438934,1.3543817400932312,1.4239166975021362,1.5544466078281403,7.143587604165077
1.0376151502132416,1.3166392147541046,1.2737154066562653,1.4065220355987549,1.3765217065811157,6.411013513803482
0.9690943956375122,1.1858495473861694,1.1635037958621979,1.3167749345302582,1.3515336513519287,5.986756324768066
1.2113155275583267,1.2462021112442017,1.322265774011612,1.4338194131851196,1.2727262675762177,6.486329093575478
1.2542789578437805,1.2638280391693115,1.42062246799469,1.5131498575210571,1.5170965790748596,6.968975901603699
1.1847845315933228,1.7581556141376495,1.6023209393024445,1.5079796016216278,1.9637560546398163,8.01699674129486
1.2178431749343872,1.2519346475601196,1.316273719072342,1.461857557296753,1.3128122985363007,6.560721397399902
0.5227834433317184,0.6066269278526306,0.6436032950878143,0.753615528345108,0.6646209955215454,3.191250190138817
1.2121638357639313,1.1909229755401611,1.4910859763622284,1.3795485943555832,1.2184530794620514,6.492174461483955
0.833727702498436,1.2502638399600983,1.1880705654621124,1.2258828282356262,1.3340537995100021,5.831998735666275
1.1811187416315079,1.3209212124347687,1.151887908577919,1.254356473684311,1.3772231042385101,6.285507440567017
1.2771160453557968,1.6345831453800201,1.766630470752716,1.612593650817871,2.012520581483841,8.303443893790245
1.4692693799734116,1.4151134490966797,1.2925996780395508,1.5907544493675232,1.442590445280075,7.21032740175724
0.9307496547698975,0.9639553129673004,0.9402379095554352,0.7670908570289612,1.1501086056232452,4.7521423399448395
0.5691984407603741,0.4155016653239727,0.7108360901474953,0.538781926035881,0.9180731326341629,3.152391254901886
1.5217296183109283,1.2804863899946213,1.9300887882709503,1.5638231933116913,1.834524244070053,8.130652233958244
1.1484537944197655,1.3297675997018814,1.2108875662088394,1.3419627845287323,1.4894849359989166,6.520556680858135
1.262321837246418,1.403372436761856,1.4736546874046326,1.5764212161302567,1.6239330768585205,7.339703254401684
0.9836178086698055,1.1540702432394028,1.116954579949379,1.1520167887210846,1.45584374666214,5.862503167241812
0.5749348066747189,0.9405633807182312,0.9116439521312714,0.9268481433391571,1.093415081501007,4.447405364364386
1.0241425260901451,1.266739621758461,1.131386399269104,1.4238444417715073,1.2230188101530075,6.069131799042225
1.1145597994327545,1.3821532726287842,1.3003562688827515,1.3553271442651749,1.4588565826416016,6.611253067851067
1.0366060137748718,0.8602458238601685,1.1097134351730347,1.030023455619812,1.1033223867416382,5.139911115169525
1.140929639339447,1.1227437108755112,1.278112679719925,1.1027362197637558,1.2823008596897125,5.926823109388351
1.0233321636915207,1.050674706697464,1.029631346464157,0.9959412664175034,1.1456725597381592,5.245252043008804
1.3571831285953522,1.2511886805295944,1.4896093755960464,1.570492684841156,1.6255420744419098,7.294015944004059
1.1555191278457642,1.2380369901657104,1.3757822215557098,1.2921057045459747,1.5560035407543182,6.617447584867477
0.7422623336315155,0.718672588467598,0.8268168866634369,0.7349359393119812,0.8268155604600906,3.849503308534622
1.3299694657325745,1.284595787525177,1.456713691353798,1.4881516993045807,1.3923935890197754,6.9518242329359055
1.2974462881684303,1.276997346431017,1.4892238974571228,1.3124087117612362,1.5138572305440903,6.8899334743618965
1.1462488770484924,1.1036579012870789,1.3958416879177094,1.2201666086912155,1.2075890004634857,6.073504075407982
1.1938099153339863,1.2601332813501358,1.316270612180233,1.3414722979068756,1.4344936907291412,6.546179797500372
1.1435358673334122,1.4567783176898956,1.5219209790229797,1.3380979001522064,1.6053287982940674,7.065661862492561
1.2149520814418793,1.289188712835312,1.5839507579803467,1.334437906742096,1.4247581660747528,6.847287625074387
0.4662919044494629,0.47051379084587097,0.5520967245101929,0.5809028744697571,0.6028729230165482,2.672678217291832
1.318618267774582,1.601325809955597,1.6156857907772064,1.621468722820282,1.7381418347358704,7.895240426063538
0.6652969419956207,0.6141563057899475,0.7842030823230743,0.7913661599159241,0.6776823997497559,3.5327048897743225
1.2336777299642563,1.4714111387729645,1.2326514720916748,1.358660027384758,1.7027714252471924,6.999171793460846
1.3437157571315765,1.6408736258745193,1.3808132410049438,1.5892043113708496,1.8399603068828583,7.794567242264748
1.3198278844356537,1.403019592165947,1.2099276036024094,1.262783169746399,1.6552177667617798,6.850776016712189
0.9802596643567085,1.3282374441623688,1.0779391080141068,1.1447251588106155,1.508606195449829,6.039767570793629
1.3757419139146805,1.4850286543369293,1.4075858741998672,1.3838683813810349,1.7403503358364105,7.392575159668922
